Workbook
Name A: #REF!
Name A: #REF!

Sheet Tong hop
B1: BẢNG TỔNG HỢP SỐ LƯỢNG SÔNG, KÊNH, RẠCH TRÊN ĐỊA BÀN THÀNH PHỐ
B2: (Kèm theo Quyết định số 28/2016/QĐ-UBND ngày 12 tháng 8 năm 2016 của Ủy ban nhân dân Thành phố
A4: TT | B4: Đơn vị trực tiếp quản lý | C4: Tổng số lượng sông, kênh, rạch | D4: Tổng chiều dài (m) | E4: Ghi chú
A5: I | B5: Phụ lục 1: Danh mục các tuyến sông, kênh, rạch có chức năng tiêu thoát nước trên địa bàn Thành phố | C5: =C6+C7+C8 -> 849 | D5: =SUM(D6:D8) -> 1095130.7
A6: 1 | B6: Giao Trung tâm Điều hành Chương trình chống ngập nước Thành phố | C6: ='Thoat nuoc'!A727 -> 701 | D6: ='Thoat nuoc'!B727 -> 798253.74
A7: 2 | B7: Giao Ủy ban nhân dân quận Bình Tân | C7: ='Thoat nuoc'!A751 -> 24 | D7: ='Thoat nuoc'!B728 -> 22424
A8: 3 | B8: Giao Ủy ban nhân dân huyện Cần Giờ | C8: ='Thoat nuoc'!A875 -> 124 | D8: ='Thoat nuoc'!B729 -> 274453
A9: II | B9: Phụ lục 2: Danh mục các tuyến sông, kênh, rạch có chức năng giao thông thủy trên địa bàn Thành phố | C9: 112 | D9: 975500
A10: III | B10: Phụ lục 3: Danh mục các tuyến kênh, rạch có chức năng tưới tiêu phục vụ sản xuất nông nghiệp, nuôi trồng thủy sản, phát triển rừng và sản xuất muối trên địa bàn Thành phố | C10: =C11+C12 -> 1992 | D10: =D11+D12 -> 2300403
A11: 1 | B11: Giao Công ty TNHH MTV Quản lý khai thác dịch vụ Thủy lợi Thành phố | C11: ='Tuoi tieu nong nghiep'!A9 -> 1226 | D11: ='Tuoi tieu nong nghiep'!B9 -> 1234244
A12: 2 | B12: Ủy ban nhân dân các quận - huyện, trong đó: | C12: =SUM(C13:C19) -> 766 | D12: =SUM(D13:D19) -> 1066159
A13: a | B13: Giao Ủy ban nhân dân quận 9 | C13: ='Tuoi tieu nong nghiep'!A1241 -> 8 | D13: ='Tuoi tieu nong nghiep'!B1241 -> 6236
A14: b | B14: Giao Ủy ban nhân dân 12 | C14: ='Tuoi tieu nong nghiep'!A1291 -> 50 | D14: ='Tuoi tieu nong nghiep'!B1291 -> 24304.7
A15: c | B15: Giao Ủy ban nhân dân huyện Hóc Môn | C15: ='Tuoi tieu nong nghiep'!A1399 -> 108 | D15: ='Tuoi tieu nong nghiep'!B1399 -> 78219
A16: d | B16: Giao Ủy ban nhân dân huyện Bình Chánh | C16: ='Tuoi tieu nong nghiep'!A1498 -> 99 | D16: ='Tuoi tieu nong nghiep'!B1498 -> 163245
A17: đ | B17: Giao Ủy ban nhân dân huyện Củ Chi | C17: ='Tuoi tieu nong nghiep'!A1824 -> 326 | D17: ='Tuoi tieu nong nghiep'!B1824 -> 352530.3
A18: e | B18: Giao Ủy ban nhân dân huyện Nhà Bè | C18: ='Tuoi tieu nong nghiep'!A1858 -> 34 | D18: ='Tuoi tieu nong nghiep'!B1858 -> 82000
A19: g | B19: Giao Ủy ban nhân dân huyện Cần Giờ | C19: ='Tuoi tieu nong nghiep'!A1999 -> 141 | D19: ='Tuoi tieu nong nghiep'!B1999 -> 359624
A20: IV | B20: Tổng cộng I+II+II | C20: =C5+C9+C10 -> 2953 | D20: =D5+D9+D10 -> 4371033.7
B22: ỦY BAN NHÂN DÂN THÀNH PHỐ

Sheet Thoat nuoc
C1: Phụ lục 1: Danh mục các tuyến sông, kênh, rạch có chức năng tiêu thoát nước trên địa bàn Thành phố (Kèm theo Quyết định số 28/2016/QĐ-UBND ngày 12 tháng 8 năm 2016 của Ủy ban nhân dân Thành phố)
C4: STT | D4: Tên sông, kênh, rạch | E4: Địa điểm (quận - huyện) | F4: Quản lý ngành | G4: Quản lý trực tiếp | H4: Lý trình | J4: Hiện trạng
H5: Điểm đầu | I5: Điểm cuối | J5: Dài (m) | K5: Rộng (m) | L5: Ghi chú
C6: Tổng cộng 849 tuyến, tổng chiều dài 1.094.105m | J6: =SUM(J7:J875) -> 1095130.7
C7: 1 | D7: Rạch Cầu Dừa | E7: 4 | F7: Sở Giao thông vận tải | G7: Trung tâm ĐHCT chống ngập nước TP | H7: Hẻm 209 Tôn Thất Thuyết | I7: Cầu Dừa quận 4 (Kênh Bến Nghé) | J7: 640 | K7: 6.1
C8: 2 | D8: Rạch Cầu Dừa nhánh 1 | E8: 4 | F8: Sở Giao thông vận tải | G8: Trung tâm ĐHCT chống ngập nước TP | H8: Khu dân cư cuối đường Hoàng Diệu | I8: Rạch Cầu Dừa | J8: 110 | K8: 1.4
C9: 3 | D9: Rạch Cầu Dừa nhánh 2 | E9: 4 | F9: Sở Giao thông vận tải | G9: Trung tâm ĐHCT chống ngập nước TP | H9: Khu dân cư đường Khánh Hội | I9: Rạch Cầu Dừa | J9: 410 | K9: 2.2
C10: 4 | D10: Kênh Tân Hoá đoạn 1 | E10: 11+Tân Phú | F10: Sở Giao thông vận tải | G10: Trung tâm ĐHCT chống ngập nước TP | H10: Bùi Cẩm Hổ | I10: Ngã 3 kênh Tân Hóa - Bàu Trâu | J10: 900 | K10: 20
D11: Kênh Tân Hoá đoạn 2 | E11: 6 | F11: Sở Giao thông vận tải | G11: Trung tâm ĐHCT chống ngập nước TP | H11: Ngã 3 kênh Tân Hóa - Bàu Trâu | I11: Cầu Ông Buông 2 | J11: 698 | K11: 10.9
C12: 5 | D12: Rạch Hàng Bàng đoạn 1 | E12: 5 | F12: Sở Giao thông vận tải | G12: Trung tâm ĐHCT chống ngập nước TP | H12: Kênh Tàu Hủ | I12: Góc Bến Bãi Sậy-đường Vạn Tượng | J12: 120 | K12: 7
D13: Rạch Hàng Bàng đoạn 2 | E13: 5+6 | F13: Sở Giao thông vận tải | G13: Trung tâm ĐHCT chống ngập nước TP | H13: Góc Bến Bãi Sậy-đường Vạn Tượng | I13: Phạm Đình Hổ | J13: 726 | K13: 2
D14: Rạch Hàng Bàng đoạn 3 | E14: 6 | F14: Sở Giao thông vận tải | G14: Trung tâm ĐHCT chống ngập nước TP | H14: Minh Phụng | I14: Kênh Tân Hóa- Lò Gốm | J14: 267 | K14: 2.9
C15: 6 | D15: Rạch Bàu Trâu | E15: 6+Tân Phú | F15: Sở Giao thông vận tải | G15: Trung tâm ĐHCT chống ngập nước TP | H15: Cuối kênh Hiệp Tân | I15: Kênh Tân Hóa | J15: 1577 | K15: 7
C16: 7 | D16: Rạch Ruột Ngựa đoạn 1 | E16: 8 | F16: Sở Giao thông vận tải | G16: Trung tâm ĐHCT chống ngập nước TP | H16: Cuối tuyến (giao rạch Nhỏ) | I16: Giao rạch Ruột Ngựa - rạch Nhảy | J16: 1428 | K16: 20.6
D17: Rạch Ruột Ngựa đoạn 2 | E17: 8 | F17: Sở Giao thông vận tải | G17: Trung tâm ĐHCT chống ngập nước TP | H17: Giao rạch Ruột Ngựa - rạch Nhảy | I17: Cầu Phú Định | J17: 814 | K17: 42.8
C18: 8 | D18: Rạch Ruột Ngựa (nhánh 1) | E18: 8 | F18: Sở Giao thông vận tải | G18: Trung tâm ĐHCT chống ngập nước TP | H18: Khu dân cư đường An Dương Vương | I18: Rạch Ruột Ngựa | J18: 291 | K18: 7
C19: 9 | D19: Rạch Nhảy | E19: 8 | F19: Sở Giao thông vận tải | G19: Trung tâm ĐHCT chống ngập nước TP | H19: Cầu Mỹ Thuận | I19: Giao rạch Ruột Ngựa - rạch Nhảy | J19: 1540 | K19: 21.7
C20: 10 | D20: Rạch Bà Cả | E20: 8 | F20: Sở Giao thông vận tải | G20: Trung tâm ĐHCT chống ngập nước TP | H20: Đường 42 (Thanh Niên) | I20: Rạch Ruột Ngựa | J20: 421 | K20: 7.8
C21: 11 | D21: Rạch Nhỏ (Bà Lựu nối dài) | E21: 8 | F21: Sở Giao thông vận tải | G21: Trung tâm ĐHCT chống ngập nước TP | H21: Đường An Dương Vương | I21: Giao Rạch Ruột Ngựa | J21: 730 | K21: 7.1
C22: 12 | D22: Kênh Ngang số 1 | E22: 8 | F22: Sở Giao thông vận tải | G22: Trung tâm ĐHCT chống ngập nước TP | H22: Kênh Đôi | I22: Kênh Tàu Hủ | J22: 400
C23: 13 | D23: Kênh Ụ Cây | E23: 8 | F23: Sở Giao thông vận tải | G23: Trung tâm ĐHCT chống ngập nước TP | H23: Kênh Đôi | I23: Kênh Tàu Hủ | J23: 775 | K23: 11.6
C24: 14 | D24: Rạch Ông Lớn nhánh 5 | E24: 8 | F24: Sở Giao thông vận tải | G24: Trung tâm ĐHCT chống ngập nước TP | H24: Khu dân cư đường Tạ Quang Bửu | I24: Ông Lớn nhánh 1 | J24: 231 | K24: 4.1
C25: 15 | D25: Rạch Ông Nhỏ | E25: 8 | F25: Sở Giao thông vận tải | G25: Trung tâm ĐHCT chống ngập nước TP | H25: Rạch Du | I25: Rạch Ông Lớn | J25: 1960 | K25: 20
C26: 16 | D26: Rạch Ông Nhỏ nhánh 1 | E26: 8 | F26: Sở Giao thông vận tải | G26: Trung tâm ĐHCT chống ngập nước TP | H26: Thượng nguồn khu dân cư | I26: Rạch Ông Nhỏ | J26: 291 | K26: 5
C27: 17 | D27: Rạch Ông Nhỏ nhánh 2 | E27: 8 | F27: Sở Giao thông vận tải | G27: Trung tâm ĐHCT chống ngập nước TP | H27: Thượng nguồn khu dân cư | I27: Rạch Ông Nhỏ | J27: 236 | K27: 4.8
C28: 18 | D28: Rạch Ông Nhỏ nhánh 3 | E28: 8 | F28: Sở Giao thông vận tải | G28: Trung tâm ĐHCT chống ngập nước TP | H28: Ranh Bình Chánh - Quận 8 | I28: Rạch Ông Nhỏ | J28: 320 | K28: 6.5
C29: 19 | D29: Rạch Ông Nhỏ nhánh 4 | E29: 8 | F29: Sở Giao thông vận tải | G29: Trung tâm ĐHCT chống ngập nước TP | H29: Thượng nguồn khu dân cư | I29: Rạch Ông Nhỏ | J29: 292 | K29: 5.8
C30: 20 | D30: Rạch Ông Nhỏ nhánh 5 | E30: 8 | F30: Sở Giao thông vận tải | G30: Trung tâm ĐHCT chống ngập nước TP | H30: Thượng nguồn khu dân cư (đường mới) | I30: Rạch Ông Nhỏ | J30: 163 | K30: 8.3
C31: 21 | D31: Rạch Ông Nhỏ nhánh 6 | E31: 8 | F31: Sở Giao thông vận tải | G31: Trung tâm ĐHCT chống ngập nước TP | H31: Thượng nguồn khu dân cư(đường mới) | I31: Rạch Ông Nhỏ | J31: 438 | K31: 6.2
C32: 22 | D32: Rạch Du | E32: 8 | F32: Sở Giao thông vận tải | G32: Trung tâm ĐHCT chống ngập nước TP | H32: Kênh Đôi | I32: Khu dân cư Xí nghiệp may Quận 8 | J32: 1240 | K32: 11
C33: 23 | D33: Rạch Hố Đen | E33: 8 | F33: Sở Giao thông vận tải | G33: Trung tâm ĐHCT chống ngập nước TP | H33: Rạch Ông Nhỏ nhánh 3 | I33: Đường Cao Lỗ | J33: 858 | K33: 2
C34: 24 | D34: Rạch Cầu Đồn đoạn 1 | E34: 8 | F34: Sở Giao thông vận tải | G34: Trung tâm ĐHCT chống ngập nước TP | H34: Bến Đò Đình | I34: Đường Tạ Quang Bửu | J34: 443 | K34: 4.5
D35: Rạch Cầu Đồn đoạn 2 | E35: 8 | F35: Sở Giao thông vận tải | G35: Trung tâm ĐHCT chống ngập nước TP | H35: Đường 42 | I35: Rạch Ruột Ngựa | J35: 645 | K35: 6.7
C36: 25 | D36: Nhánh Rạch Bà Tàng 1 | E36: 8 | F36: Sở Giao thông vận tải | G36: Trung tâm ĐHCT chống ngập nước TP | H36: Rạch Bà Tàng | I36: Cuối tuyến (Nguyễn Văn Linh) | J36: 1256 | K36: 8
C37: 26 | D37: Nhánh Rạch Bà Tàng 2 | E37: 8 | F37: Sở Giao thông vận tải | G37: Trung tâm ĐHCT chống ngập nước TP | H37: Rạch Bà Tàng | I37: Cuối tuyến | J37: 2356 | K37: 38.3
C38: 27 | D38: Nhánh Rạch Bà Tàng 3 | E38: 8 | F38: Sở Giao thông vận tải | G38: Trung tâm ĐHCT chống ngập nước TP | H38: Rạch Bà Tàng | I38: Cuối tuyến | J38: 1650 | K38: 16.1
C39: 28 | D39: Nhánh Rạch Bà Tàng 4 | E39: 8 | F39: Sở Giao thông vận tải | G39: Trung tâm ĐHCT chống ngập nước TP | H39: Rạch Bà Tàng | I39: Cuối tuyến | J39: 400 | K39: 20
C40: 29 | D40: Rạch Đầm Sen | E40: 11 | F40: Sở Giao thông vận tải | G40: Trung tâm ĐHCT chống ngập nước TP | H40: Chùa Giác Viên | I40: Ngã 3 kênh Tân Hóa - rạch Đầm Sen | J40: 713 | K40: 5.9
C41: 30 | D41: Rạch Bà Lựu (rạch Năng) | E41: Bình Tân | F41: Sở Giao thông vận tải | G41: Trung tâm ĐHCT chống ngập nước TP | H41: Hồ Học Lãm | I41: đường An Dương Vương | J41: 430 | K41: 3-8
C42: 31 | D42: Rạch Nhảy nhánh 1 | E42: Bình Tân | F42: Sở Giao thông vận tải | G42: Trung tâm ĐHCT chống ngập nước TP | H42: Đường Hồ Học Lãm | I42: Khu dân cư An Dương Vương | J42: 544 | K42: 2.1
C43: 32 | D43: Rạch Nhảy nhánh 2 | E43: Bình Tân | F43: Sở Giao thông vận tải | G43: Trung tâm ĐHCT chống ngập nước TP | H43: Khu dân cư An Dương Vương | I43: Cầu Mỹ Thuận | J43: 540 | K43: 7.2
C44: 33 | D44: Kênh Lộ Tẻ | E44: Bình Tân | F44: Sở Giao thông vận tải | G44: Trung tâm ĐHCT chống ngập nước TP | H44: Khu dân cư (đường Bà Hom) | I44: Rạch Nước Lên | J44: 1967 | K44: 3
C45: 34 | D45: Rạch Chùa | E45: Bình Tân | F45: Sở Giao thông vận tải | G45: Trung tâm ĐHCT chống ngập nước TP | H45: Hương Lộ 3 (Tân Kỳ Tân Quý) | I45: Kênh Nước Đen | J45: 580 | K45: 1
C46: 35 | D46: Kênh Lương Bèo | E46: Bình Tân | F46: Sở Giao thông vận tải | G46: Trung tâm ĐHCT chống ngập nước TP | H46: Đầu nguồn (dọc Khu công nghiệp Bounchuen) | I46: Tham Lương - Bến Cát - Vàm Nước Lên | J46: 2133 | K46: 8.1
C47: 36 | D47: Kênh Mười Xà | E47: Bình Tân | F47: Sở Giao thông vận tải | G47: Trung tâm ĐHCT chống ngập nước TP | H47: Khu dân cư Hồ Học Lãm | I47: Vàm Nước Lên | J47: 600 | K47: 2.8
C48: 37 | D48: Sông Vàm Tắc | E48: Bình Tân | F48: Sở Giao thông vận tải | G48: Trung tâm ĐHCT chống ngập nước TP | H48: Đường Trần Đại Nghĩa | I48: Rạch Nước Lên | J48: 700 | K48: 3
C49: 38 | D49: Rạch Nhảy 2 | E49: Bình Tân | F49: Sở Giao thông vận tải | G49: Trung tâm ĐHCT chống ngập nước TP | H49: Đầu Nguồn Kinh Dương Vương | I49: Cầu Mỹ Thuận | J49: 684 | K49: 25.2
C50: 39 | D50: Kênh Nước Đen | E50: Bình Tân | F50: Sở Giao thông vận tải | G50: Trung tâm ĐHCT chống ngập nước TP | H50: Cửa xả cống hộp Kênh Nước Đen (trước Trạm xử lý Bình Hưng Hòa) | I50: Tham Lương - Bến Cát - Vàm Nước Lên | J50: 2000 | K50: 7
C51: 40 | D51: Sông Cái Trung | E51: Bình Tân + Bình Chánh | F51: Sở Giao thông vận tải | G51: Trung tâm ĐHCT chống ngập nước TP | H51: Sông Phướng (Bình Tân) | I51: Sông Chợ Đệm (Bình Chánh) | J51: =2294+2800 -> 5094 | K51: 8-40
C52: 41 | D52: Kênh 19/5 | E52: Bình Tân +Tân Phú | F52: Sở Giao thông vận tải | G52: Trung tâm ĐHCT chống ngập nước TP | H52: Gần số 243 đường Hai Sáu Tháng Ba | I52: Kênh Tham Lương (Giao đường CN5 - CN3) | J52: 3650 | K52: 10
C53: 42 | D53: Rạch Cầu Bông | E53: Bình Thạnh | F53: Sở Giao thông vận tải | G53: Trung tâm ĐHCT chống ngập nước TP | H53: Cửa xả cầu mới Bạch Đằng | I53: Kênh Nhiêu Lộc - Thị Nghè | J53: 1191 | K53: 9
C54: 43 | D54: Sông Bình Lợi | E54: Bình Thạnh | F54: Sở Giao thông vận tải | G54: Trung tâm ĐHCT chống ngập nước TP | H54: Ngã 3 Bình Lợi-Bình Triệu | I54: Sông Sài Gòn | J54: 364 | K54: 37.9
C55: 44 | D55: Sông Bình Triệu (Hữu Tắc) | E55: Bình Thạnh | F55: Sở Giao thông vận tải | G55: Trung tâm ĐHCT chống ngập nước TP | H55: Ngã 3 Bình Lợi-Bình Triệu | I55: Sông Sài Gòn | J55: 745 | K55: 42.4
C56: 45 | D56: Rạch Tam Vàm Tắc | E56: Bình Thạnh | F56: Sở Giao thông vận tải | G56: Trung tâm ĐHCT chống ngập nước TP | H56: Giao rạch Bến Bồi- rạch Bà Láng | I56: Ngã 3 Bình Lợi-Bình Triệu | J56: 522 | K56: 40.2
C57: 46 | D57: Rạch Lăng đoạn 1 | E57: Bình Thạnh | F57: Sở Giao thông vận tải | G57: Trung tâm ĐHCT chống ngập nước TP | H57: Rạch Hồ Tam Vàm Tắc | I57: Cầu Băngky | J57: 1023 | K57: 26.6
D58: Rạch Lăng đoạn 2 | E58: Bình Thạnh | F58: Sở Giao thông vận tải | G58: Trung tâm ĐHCT chống ngập nước TP | H58: Số 341/1 Nguyễn Xí - P.13 (gần giao lộ Nguyễn Xí - Phạm Văn Đồng) | I58: Cầu Băng Ky (Nơ Trang Long) | J58: 980 | K58: 8.6
C59: 47 | D59: Rạch Lăng Nhánh 1 | E59: Bình Thạnh | F59: Sở Giao thông vận tải | G59: Trung tâm ĐHCT chống ngập nước TP | H59: Từ Rạch Lăng | I59: Cầu Đen đường sắt | J59: 347 | K59: 5.2
C60: 48 | D60: Rạch Lăng Nhánh 2 | E60: Bình Thạnh | F60: Sở Giao thông vận tải | G60: Trung tâm ĐHCT chống ngập nước TP | H60: Gần SN 354/66/39 - Phường 11 | I60: Rạch Lăng 1 | J60: 140 | K60: 2.5
C61: 49 | D61: Rạch Bà Láng đoạn 1 | E61: Bình Thạnh | F61: Sở Giao thông vận tải | G61: Trung tâm ĐHCT chống ngập nước TP | H61: Ngã 3 Cầu Sơn - Cầu Bông | I61: Cửa xả Bùi Đình Tuý | J61: 631 | K61: 24
D62: Rạch Bà Láng đoạn 2 | E62: Bình Thạnh | F62: Sở Giao thông vận tải | G62: Trung tâm ĐHCT chống ngập nước TP | H62: Ngã 3 Rạch Cầu Sơn-Bà Láng | I62: Cửa xả Cầu Mới Bạch Đằng | J62: 651 | K62: 28
D63: Rạch Bà Láng đoạn 3 | E63: Bình Thạnh | F63: Sở Giao thông vận tải | G63: Trung tâm ĐHCT chống ngập nước TP | H63: Ngã 3 Bến Bồi - Bà Láng | I63: Cửa xả Chu Văn An | J63: 312 | K63: 10.8
D64: Rạch Bà Láng đoạn 4 | E64: Bình Thạnh | F64: Sở Giao thông vận tải | G64: Trung tâm ĐHCT chống ngập nước TP | H64: Cửa xả Chu Văn An | I64: Cửa xả Bùi Đình Tuý | J64: 640 | K64: 8.8
C65: 50 | D65: Rạch Bà Láng Nhánh 1 | E65: Bình Thạnh | F65: Sở Giao thông vận tải | G65: Trung tâm ĐHCT chống ngập nước TP | H65: Đầu tuyến | I65: Rạch Bà Láng | J65: 143 | K65: 2.3
C66: 51 | D66: Rạch Cầu Sơn đoạn 1 | E66: Bình Thạnh | F66: Sở Giao thông vận tải | G66: Trung tâm ĐHCT chống ngập nước TP | H66: Khu dân cư sau hãng cân Nhơn Hòa (đường Ung Văn Khiêm) | I66: Cầu Sơn | J66: 460 | K66: 3.5
D67: Rạch Cầu Sơn đoạn 2 | E67: Bình Thạnh | F67: Sở Giao thông vận tải | G67: Trung tâm ĐHCT chống ngập nước TP | H67: Đầu tuyến | I67: Cầu Sơn | J67: 410 | K67: 6.9
C68: 52 | D68: Rạch Ung Văn Khiêm | E68: Bình Thạnh | F68: Sở Giao thông vận tải | G68: Trung tâm ĐHCT chống ngập nước TP | H68: Khu dân cư đường Ung Văn Khiêm | I68: Sông Sài Gòn | J68: 250 | K68: 2
C69: 53 | D69: Rạch Văn Thánh đoạn 1 | E69: Bình Thạnh | F69: Sở Giao thông vận tải | G69: Trung tâm ĐHCT chống ngập nước TP | H69: Hẻm D3 | I69: Cầu Văn Thánh (Điện Biên Phủ) | J69: 445 | K69: 22.3
D70: Rạch Văn Thánh đoạn 2 | E70: Bình Thạnh | F70: Sở Giao thông vận tải | G70: Trung tâm ĐHCT chống ngập nước TP | H70: Cầu Văn Thánh (Điện Biên Phủ) | I70: Cửa xả số 158 Xô Viết Nghệ Tĩnh | J70: 585 | K70: 33.2
D71: Rạch Văn Thánh đoạn 3 | E71: Bình Thạnh | F71: Sở Giao thông vận tải | G71: Trung tâm ĐHCT chống ngập nước TP | H71: Cửa xả số 158 Xô Viết Nghệ Tĩnh | I71: Cầu Ngô Tất Tố | J71: 512 | K71: 30.4
D72: Rạch Văn Thánh đoạn 4 | E72: Bình Thạnh | F72: Sở Giao thông vận tải | G72: Trung tâm ĐHCT chống ngập nước TP | H72: Cầu Ngô Tất Tố | I72: Cầu Văn Thánh 2 (Nguyễn Hữu Cảnh) | J72: 320 | K72: 34.9
C73: 54 | D73: Văn Thánh Nhánh đoạn 1 | E73: Bình Thạnh | F73: Sở Giao thông vận tải | G73: Trung tâm ĐHCT chống ngập nước TP | H73: Đầu Nguồn (khu Du Lịch Văn Thánh) | I73: Cửa xả số 158 Xô Viết Nghệ Tĩnh | J73: 316 | K73: 6
D74: Văn Thánh Nhánh đoạn 2 | E74: Bình Thạnh | F74: Sở Giao thông vận tải | G74: Trung tâm ĐHCT chống ngập nước TP | H74: Khu dân cư đường Trần Quý Cáp | I74: Văn Thánh | J74: 232 | K74: 2.8
D75: Văn Thánh Nhánh đoạn 3 | E75: Bình Thạnh | F75: Sở Giao thông vận tải | G75: Trung tâm ĐHCT chống ngập nước TP | H75: Thượng nguồn | I75: Văn Thánh (cầu Văn Thánh 2) | J75: 138 | K75: 3
C76: 55 | D76: Rạch Bùi Hữu Nghĩa | E76: Bình Thạnh | F76: Sở Giao thông vận tải | G76: Trung tâm ĐHCT chống ngập nước TP | H76: Cửa Xả Diên Hồng | I76: Cầu Bùi Hữu Nghĩa | J76: 554 | K76: 2.2
C77: 56 | D77: Rạch Cầu Bông | E77: Bình Thạnh | F77: Sở Giao thông vận tải | G77: Trung tâm ĐHCT chống ngập nước TP | H77: Cầu gỗ Mai Thị Lựu | I77: Cầu Bùi Hữu Nghĩa | J77: 640 | K77: 9
C78: 57 | D78: Rạch Lăng nhánh 1 | E78: Gò Vấp | F78: Sở Giao thông vận tải | G78: Trung tâm ĐHCT chống ngập nước TP | H78: Đường số 4 (Số nhà 80/12/204) | I78: Rạch Lăng 2 | J78: 112 | K78: 1-3,5
C79: 58 | D79: Trường Đai nhánh 1 | E79: Gò Vấp | F79: Sở Giao thông vận tải | G79: Trung tâm ĐHCT chống ngập nước TP | H79: Số nhà 170 đường số 59 | I79: Sông Trường Đai | J79: 350 | K79: 6.6
C80: 59 | D80: Trường Đai nhánh 2 | E80: Gò Vấp | F80: Sở Giao thông vận tải | G80: Trung tâm ĐHCT chống ngập nước TP | H80: Cửa xả cống hộp tổ 33 Khu phố 5 | I80: Trường Đai nhánh 1 | J80: 660 | K80: 4.5
C81: 60 | D81: Rạch Cầu Cụt nhánh 1 | E81: Gò Vấp | F81: Sở Giao thông vận tải | G81: Trung tâm ĐHCT chống ngập nước TP | H81: Sau lưng nhà 611/19, Phạm văn Chiêu, phường 14 | I81: Rạch Cầu Cụt | J81: 127 | K81: 1.5
C82: 61 | D82: Rạch Chín Xiểng | E82: Gò Vấp | F82: Sở Giao thông vận tải | G82: Trung tâm ĐHCT chống ngập nước TP | H82: 80/61A Dương Quảng Hàm, phường 5 | I82: Rạch Làng Lớn | J82: 783 | K82: 10
C83: 62 | D83: Rạch Dừa (đoạn mương hở) | E83: Gò Vấp | F83: Sở Giao thông vận tải | G83: Trung tâm ĐHCT chống ngập nước TP | H83: Dương Quảng Hàm | I83: Kênh Tham Lương | J83: 670 | K83: 17.5
C84: 63 | D84: Rạch Bà Miêng (đoạn 1) | E84: Gò Vấp | F84: Sở Giao thông vận tải | G84: Trung tâm ĐHCT chống ngập nước TP | H84: Số 296/58 Nguyễn Văn Lượng, phường 17 | I84: Số 537/29/35 Nguyễn Oanh, phường 17 | J84: 1220 | K84: 3
C85: 64 | D85: Rạch Bà Miêng (đoạn 2) | E85: Gò Vấp | F85: Sở Giao thông vận tải | G85: Trung tâm ĐHCT chống ngập nước TP | H85: Số 537/28/35 Nguyễn Oanh | I85: Kênh Tham Lương | J85: 370 | K85: 13.6
C86: 65 | D86: Rạch Bà Miêng nhánh 1 | E86: Gò Vấp | F86: Sở Giao thông vận tải | G86: Trung tâm ĐHCT chống ngập nước TP | H86: Cuối hẻm 730 Lê Đức Thọ | I86: Rạch Bà Miêng | J86: 390 | K86: 2.4
C87: 66 | D87: Rạch Bà Miêng nhánh 2 | E87: Gò Vấp | F87: Sở Giao thông vận tải | G87: Trung tâm ĐHCT chống ngập nước TP | H87: Số 616/61/100 Lê Đức Tho, phường 15 | I87: Rạch Bà Miêng | J87: 260 | K87: 4.6
C88: 67 | D88: Rạch Ông Bàu | E88: Gò Vấp | F88: Sở Giao thông vận tải | G88: Trung tâm ĐHCT chống ngập nước TP | H88: Số 262/3 Dương Quảng hàm, phường 5 | I88: Kênh Tham Lương | J88: 481 | K88: 6.8
C89: 68 | D89: Rạch Ông Bàu nhánh 1 | E89: Gò Vấp | F89: Sở Giao thông vận tải | G89: Trung tâm ĐHCT chống ngập nước TP | H89: Số 246/32/7 Dương Quảng hàm, phường 6 | I89: Ngã ba giao rạch Ông Bàu | J89: 127 | K89: 7
C90: 69 | D90: Rạch Ông Tổng | E90: Gò Vấp | F90: Sở Giao thông vận tải | G90: Trung tâm ĐHCT chống ngập nước TP | H90: Số 234/69 Lê Đức Thọ, phường 6 (ngã ba giao rạch Ông Tổng nhánh 1 và 3) | I90: Kênh Tham Lương | J90: 555 | K90: 20
... C101: 80 | D101: Kênh Tân Trụ | E101: Tân Bình | F101: Sở Giao thông vận tải | G101: Trung tâm ĐHCT chống ngập nước TP | H101: Gần SN 45/4 Trần Thái Tông | I101: Kênh Hy Vọng | J101: 1150 | K101: 4.2
C102: 81 | D102: Kênh Tây Thạnh | E102: Tân Phú | F102: Sở Giao thông vận tải | G102: Trung tâm ĐHCT chống ngập nước TP | H102: Chế Lan Viên (đường 30/4) | I102: Kênh 19/5 | J102: 910 | K102: 3 | L102: Đã lắp cống hộp
C103: 82 | D103: Kênh Hiệp Tân | E103: Tân Phú | F103: Sở Giao thông vận tải | G103: Trung tâm ĐHCT chống ngập nước TP | H103: Đường Hoà Bình | I103: Rạch Bàu Trâu | J103: 1064 | K103: 4
C104: 83 | D104: Rạch Dừa | E104: 2 | F104: Sở Giao thông vận tải | G104: Trung tâm ĐHCT chống ngập nước TP | H104: Đường Quốc Hương | I104: Sông Sài Gòn | J104: 999 | K104: 4-10
C105: 84 | D105: Rạch Cá Trê | E105: 2 | F105: Sở Giao thông vận tải | G105: Trung tâm ĐHCT chống ngập nước TP | H105: Cầu Cá Trê 1 | I105: Rạch Cầu Ông Cậy | J105: 1100 | K105: 15
C106: 85 | D106: Rạch Cá Trê Nhỏ | E106: 2 | F106: Sở Giao thông vận tải | G106: Trung tâm ĐHCT chống ngập nước TP | H106: Cầu Ông Tranh | I106: Sông Sài Gòn | J106: 1500 | K106: 10-30
C107: 86 | D107: Nguyễn Văn Hưởng 2 | E107: 2 | F107: Sở Giao thông vận tải | G107: Trung tâm ĐHCT chống ngập nước TP | H107: Đường Nguyễn Văn Hưởng | I107: Sông Sài Gòn | J107: 140 | K107: 6
C108: 87 | D108: Nguyễn Văn Hưởng 3 | E108: 2 | F108: Sở Giao thông vận tải | G108: Trung tâm ĐHCT chống ngập nước TP | H108: Đường Nguyễn Văn Hưởng | I108: Sông Sài Gòn | J108: 150 | K108: 6
C109: 88 | D109: Nguyễn Văn Hưởng 4 | E109: 2 | F109: Sở Giao thông vận tải | G109: Trung tâm ĐHCT chống ngập nước TP | H109: Đường Nguyễn Văn Hưởng | I109: Sông Sài Gòn | J109: 200 | K109: 12
C110: 89 | D110: Nguyễn Văn Hưởng 5 | E110: 2 | F110: Sở Giao thông vận tải | G110: Trung tâm ĐHCT chống ngập nước TP | H110: Đường Nguyễn Văn Hưởng | I110: Sông Sài Gòn | J110: 150 | K110: 10
C111: 90 | D111: Rạch Dừa | E111: 2 | F111: Sở Giao thông vận tải | G111: Trung tâm ĐHCT chống ngập nước TP | H111: Hẻm 97 | I111: Sông Sài Gòn | J111: 1000 | K111: 25
C112: 91 | D112: Rạch Ngo (Rạch Cầu Phao) | E112: 2 | F112: Sở Giao thông vận tải | G112: Trung tâm ĐHCT chống ngập nước TP | H112: Ngã ba rạch Cầu Ông Cậy | I112: Ngã 3 sông Sài Gòn | J112: 2200 | K112: 15
...

Sheet PL1. So XD-Giao thong thuy
A1: PHỤ LỤC 1 DANH MỤC CÁC TUYẾN SÔNG, SUỐI, KÊNH, RẠCH CÓ CHỨC NĂNG GIAO THÔNG ĐƯỜNG THỦY NỘI ĐỊA THUỘC THẨM QUYỀN QUẢN LÝ CỦA ỦY BAN NHÂN DÂN THÀNH PHỐ HỒ CHÍ MINH PHÂN CẤP CHO SỞ XÂY DỰNG QUẢN LÝ, KHAI THÁC (Kèm theo Quyết định số 39/QĐ-UBND ngày 25 tháng 6 năm 2026 của Ủy ban nhân dân Thành phố Hồ Chí Minh)
A2: STT | B2: Tên Tuyến | C2: Phạm vi | E2: Chiều dài (km) | F2: Cấp kỹ thuật | H2: Ghi chú
C3: Điểm đầu (hạ lưu) | D3: Điểm cuối (thượng lưu) | F3: Quy hoạch | G3: Khai thác
A4: A. ĐƯỜNG THỦY NỘI ĐỊA QUỐC GIA PHÂN CẤP CHO UBND THÀNH PHỐ QUẢN LÝ
A5: 1 | B5: Sông Đồng Nai (bao gồm nhánh cù lao Rùa, cù lao Bạch Đằng) | C5: Cầu Đồng Nai | D5: Ngã ba Sông Bé | E5: 71.8 | H5: Thông tư số 09/2026/TT-BXD ngày 27 tháng 2 năm 2026 phân cấp quản lý nhà nước về giao thông đường thủy nội địa thuộc phạm vi quản lý của Bộ Xây dựng
A6: 2 | B6: Sông Sài Gòn | C6: Ngã ba rạch Bến Nghé | D6: Hạ lưu đập Dầu Tiếng 2 km | E6: 130.3
A7: 3 | B7: Kênh Tẻ - Kênh Đôi | C7: Ngã ba sông Sài Gòn | D7: Ngã ba sông Chợ Đệm Bến Lức | E7: 13
A8: 4 | B8: Sông Chợ Đệm - Bến Lức | C8: Ngã ba Kênh Đôi | D8: Cuối ranh giới xã Tân Nhựt – TP. Hồ Chí Minh | E8: 10.12
A9: 5 | B9: Rạch Ông Lớn - Kênh Cây Khô | C9: Ngã ba sông Cần Giuộc | D9: Ngã ba kênh Tẻ | E9: 8.5
A10: 6 | B10: Sông Cần Giuộc | C10: Đầu ranh giới xã Hưng Long – TP. Hồ Chí Minh | D10: Ngã ba kênh Cây Khô | E10: 5.81
A11: 7 | B11: Rạch Đào 1 | C11: Ngã ba sông Sài Gòn- Rạch Chiếc | D11: Đường nội bộ tổng kho Thủ Đức | E11: 1.1
A12: 8 | B12: Rạch Đào 2 | C12: Ngã ba sông Sài Gòn-Rạch Đào 2 | D12: Đường nội bộ tổng kho Thủ Đức | E12: 1.5
A13: B. ĐƯỜNG THỦY NỘI ĐỊA ĐỊA PHƯƠNG TRÊN ĐỊA BÀN THÀNH PHỐ
A14: I. | B14: KHU VỰC TRUNG TÂM
A15: 1 | B15: Rạch Láng The - Bến Mương | C15: Sông Sài Gòn | D15: Cầu Bến Mương | E15: 11.12 | F15: VI | G15: Chưa đạt cấp VI | H15: Quyết định số 1329/QĐ-UBND ngày 08 tháng 9 năm 2025 của Ủy ban nhân dân Thành phố Hồ Chí Minh công bố danh mục luồng đường thủy nội địa địa phương trên địa bàn Thành phố Hồ Chí Minh, giai đoạn năm 2025 đến năm 2027
A16: 2 | B16: Kênh Thầy Cai | C16: Kênh An Hạ | D16: Ranh giới Tây Ninh | E16: 25.4 | F16: V | G16: Chưa đạt cấp VI
A17: 3 | B17: Kênh Địa Phận | C17: Rạch Tra | D17: Rạch Láng The | E17: 10.84 | F17: VI | G17: Chưa đạt cấp VI
A18: 4 | B18: Rạch Tra | C18: Sông Sài Gòn | D18: Kênh Thầy Cai | E18: 11.15 | F18: IV | G18: VI
A19: 5 | B19: Kênh An Hạ | C19: Cầu Xáng TL10 | D19: Kênh Thầy Cai | E19: 15.16 | F19: V | G19: Chưa đạt cấp VI
A20: 6 | B20: Kênh Xáng An Hạ- kênh Xáng Lý Văn Mạnh | C20: Sông Bến Lức | D20: Cầu Xáng TL10 | E20: 18.45 | F20: IV | G20: VI
A21: 7 | B21: Rạch Cầu Mênh - Bến Cát | C21: Sông Trường Đay | D21: Rạch Tra | E21: 10.42 | F21: VI | G21: Chưa đạt cấp VI
A22: 8 | B22: Sông Vàm Thuật - Bến Cát - Trường Đay - Tham Lương - Rạch Nước Lên | C22: Sông Bến Lức | D22: Sông Sài Gòn | E22: 32.2 | F22: V | G22: -
A23: 9 | B23: Kênh Ngang Số 3 | C23: Kênh Đôi | D23: Kênh Tàu Hủ - Lò Gốm | E23: 0.46 | F23: V | G23: V
A24: 10 | B24: Kênh Ngang Số 2 | C24: Kênh Đôi | D24: Kênh Tàu Hủ - Lò Gốm | E24: 0.48 | F24: V | G24: V
A25: 11 | B25: Rạch Lò Gốm - Ông Buông | C25: Kênh Tàu Hủ - Lò Gốm | D25: Đường Bùi Cẩm Hổ | E25: 4.39 | F25: VI | G25: Chưa đạt cấp VI
A26: 12 | B26: Kênh Tàu Hủ - Lò Gốm | C26: Kênh Đôi | D26: Rạch Bến Nghé | E26: 8.89 | F26: V | G26: V
A27: 13 | B27: Rạch Bến Nghé | C27: Kênh Tàu Hủ | D27: Sông Sài Gòn | E27: 3.22 | F27: V | G27: Chưa đạt cấp VI
A28: 14 | B28: Rạch Nhiêu Lộc - Thị Nghè | C28: Sông Sài Gòn | D28: Cầu Lê Văn Sĩ | E28: 6 | F28: VI | G28: Chưa đạt cấp VI
C29: Cầu Lê Văn Sỹ | D29: đường Út Tịch | E29: 2.8 | F29: VI | G29: Chưa đạt cấp VI
A30: 15 | B30: Kênh Thanh Đa | C30: Sông Sài Gòn | D30: Sông Sài Gòn | E30: 1.6 | F30: V | G30: VI
A31: 16 | B31: Sông Vĩnh Bình | C31: Sông Sài Gòn | D31: Rạch Nước Trong | E31: 1.84 | F31: VI | G31: VI
A32: 17 | B32: Rạch Gò Dưa | C32: Sông Sài Gòn | D32: Cuối tuyến | E32: 4.52 | F32: VI | G32: Chưa đạt cấp VI
A33: 18 | B33: Rạch Chiếc - Trau Trảu | C33: Sông Sài Gòn | D33: Sông Tắc | E33: 11.1 | F33: IV | G33: Chưa đạt cấp VI
A34: 19 | B34: Rạch Ông Nhiêu | C34: Sông Đồng Nai | D34: Rạch Trau Trảu | E34: 7.42 | F34: IV | G34: VI | H34: Quyết định số 1329/QĐ-UBND ngày 08 tháng 9 năm 2025 của Ủy ban nhân dân Thành phố Hồ Chí Minh công bố danh mục luồng đường thủy nội địa địa phương trên địa bàn Thành phố Hồ Chí Minh, giai đoạn năm 2025 đến năm 2027
A35: 20 | B35: Rạch Cây Cam | C35: Sông Tắc | D35: Rạch Trau Trảu | E35: 3.32 | F35: VI | G35: Chưa đạt cấp VI
A36: 21 | B36: Rạch Môn - Sông Kinh | C36: Rạch Ông Nhiêu | D36: Sông Tắc | E36: 3.7 | F36: VI | G36: Chưa đạt cấp VI
A37: 22 | B37: Rạch Bà Đá - Rạch Giáng | C37: Sông Đồng Nai | D37: Sông Tắc | E37: 5.97 | F37: VI | G37: Chưa đạt cấp VI
A38: 23 | B38: Sông Tắc | C38: Sông Đồng Nai | D38: Sông Đồng Nai | E38: 11.99 | F38: IV | G38: VI
A39: 24 | B39: Rạch Bà Cua - Ông Cày | C39: Sông Đồng Nai | D39: Rạch Chiếc | E39: 7.4 | F39: VI | G39: Chưa đạt cấp VI
A40: 25 | B40: Rạch Đồng Trong - Rạch Giồng Ông Tố | C40: Sông Sài Gòn | D40: Rạch Chiếc | E40: 5.57 | F40: IV | G40: Chưa đạt cấp VI
A41: 26 | B41: Sông Kỳ Hà | C41: Sông Sài Gòn | D41: Đường Võ Chí Công | E41: 4.45 | F41: VI | G41: Chưa đạt cấp VI
A42: 27 | B42: Rạch Cá Trê Lớn | C42: Sông Sài Gòn | D42: Sông Sài Gòn | E42: 2.72 | F42: VI | G42: Chưa đạt cấp VI
A43: 28 | B43: Rạch Bà Tỵ | C43: Sông Bến Lức | D43: Kênh Xáng | E43: 3.9 | F43: VI | G43: Chưa đạt cấp VI
A44: 29 | B44: Sông Cần Giuộc | C44: Sông Cần Giuộc (tuyến TW) | D44: Sông Bến Lức | E44: 11.5 | F44: III | G44: IV
A45: 30 | B45: Rạch Bà Lớn - Rạch Chồm | C45: Kênh Đôi | D45: Cuối tuyến | E45: 5.51 | F45: VI | G45: Chưa đạt cấp VI
A46: 31 | B46: Rạch Bà Lào (Xã Tờn) - Rạch Ngang | C46: Rạch Gò Nổi | D46: Rạch Xóm Củi | E46: 6.28 | F46: VI | G46: Chưa đạt cấp VI
... A56: 41 | B56: Rạch Tôm (Nhánh Phước Kiểng) | C56: Sông Phước Kiểng | D56: Sông Cần Giuộc (tuyến TW) | E56: 4.73 | F56: V | G56: Chưa đạt cấp VI
A57: 42 | B57: Rạch Bà Chiêm - Bà Chùa - Lấp Dầu | C57: Sông Mương Chuối | D57: Rạch Dơi | E57: 4.69 | F57: VI | G57: Chưa đạt cấp VI | H57: Quyết định số 1329/QĐ-UBND ngày 08 tháng 9 năm 2025 của Ủy ban nhân dân Thành phố Hồ Chí Minh công bố danh mục luồng đường thủy nội địa địa phương trên địa bàn Thành phố Hồ Chí Minh, giai đoạn năm 2025 đến năm 2027
A58: 43 | B58: Rạch Dơi - Sông Kinh (Sông Đồng Điền) | C58: Sông Soài Rạp | D58: Sông Cần Giuộc | E58: 9.13 | F58: IV | G58: VI
A59: 44 | B59: Rạch Giồng - Sông Kinh Lộ | C59: Sông Soài Rạp | D59: Sông Giồng (Tây Ninh) | E59: 5.11 | F59: IV | G59: IV
A60: 45 | B60: Rạch Rộp | C60: Sông Soài Rạp | D60: Rạch Đinh | E60: 3.99 | F60: VI | G60: VI
A61: 46 | B61: Rạch Đinh - Tắc Mương Lớn | C61: Rạch Giồng - Sông Kinh Lộ | D61: Sông Soài Rạp | E61: 4.71 | F61: VI | G61: Chưa đạt cấp VI
A62: 47 | B62: Tắc Sông Chà | C62: Sông Soài Rạp | D62: Sông Soài Rạp | E62: 2.68 | F62: II | G62: II
A63: 48 | B63: Rạch Tân - Rạch Bông Giếng Lớn | C63: Rạch Lá | D63: Sông Soài Rạp | E63: 5.94 | F63: VI | G63: Chưa đạt cấp VI
A64: 49 | B64: Rạch Lá - Tắc Tây Đen | C64: Sông Lòng Tàu | D64: Sông Soài Rạp | E64: 15.03 | F64: V | G64: V
A65: 50 | B65: Rạch Tắc Rán | C65: Kênh Bà Tổng - Tắc Ông Nghĩa | D65: Rạch Lá Tắc Tây Đen | E65: 2.09 | F65: V | G65: V
A66: 51 | B66: Kênh Bà Tổng | C66: Tắc Ông Nghĩa | D66: Sông Soài Rạp | E66: 2.58 | F66: III | G66: V
A67: 52 | B67: Tắc Ông Nghĩa | C67: Sông Lòng Tàu | D67: Kênh Bà Tổng | E67: 4.69 | F67: III | G67: III
A68: 53 | B68: Rạch Đôn | C68: Sông Lòng Tàu | D68: Sông Soài Rạp | E68: 9.42 | F68: VI | G68: VI
A69: 54 | B69: Sông Vàm Sát | C69: Sông Soài Rạp | D69: Sông Lò Rèn | E69: 10.62 | F69: III | G69: III
... A77: 62 | B77: Rạch Thiềng Liềng | C77: Sông Lòng Tàu | D77: Tắc Bức Mây | E77: 7.44 | F77: IV | G77: IV
A78: 63 | B78: Tắc Đòi Nợ | C78: Rạch Cá Nhán | D78: Tắc Bài | E78: 3.61 | F78: IV | G78: VI | H78: Quyết định số 1329/QĐ-UBND ngày 08 tháng 9 năm 2025 của Ủy ban nhân dân Thành phố Hồ Chí Minh công bố danh mục luồng đường thủy nội địa địa phương trên địa bàn Thành phố Hồ Chí Minh, giai đoạn năm 2025 đến năm 2027
A79: 64 | B79: Rạch Cá Nhán | C79: Sông Thêu | D79: Tắc Đòi Nợ | E79: 6.88 | F79: IV | G79: IV
A80: 65 | B80: Rạch Năm Mươi | C80: Sông Thêu | D80: Rạch Thiềng Liềng | E80: 3.53 | F80: V | G80: V
A81: 66 | B81: Sông Thêu | C81: Cửa Cần Giờ | D81: Sông Cái Mép | E81: 10.31 | F81: I | G81: I
A82: 67 | B82: Rạch Mồng Gà - Tắc Móc Mu | C82: Sông Ngã Bảy | D82: Tắc Cống | E82: 5.26 | F82: VI | G82: VI
A83: 68 | B83: Tắc Cống | C83: Sông Ông Tiên | D83: Sông Lòng Tàu | E83: 5.78 | F83: VI | G83: VI
A84: 69 | B84: Sông Ông Tiên - Cá Gau | C84: Sông Lòng Tàu | D84: Sông Lò Vôi | E84: 9.22 | F84: V | G84: V
A85: 70 | B85: Sông Mùng Năm - Tắc Ăn Chè | C85: Sông Ông Tiên | D85: Sông Dần Xây | E85: 6.9 | F85: V | G85: V
A86: 71 | B86: Sông Dần Xây | C86: Sông Dinh Bà | D86: Sông Lòng Tàu | E86: 4.39 | F86: III | G86: III
A87: 72 | B87: Sông Dinh Bà | C87: Sông Lò Rèn | D87: Sông Dần Xây | E87: 6.02 | F87: III | G87: III
A88: 73 | B88: Sông Lò Rèn | C88: Sông Vàm Sát | D88: Sông Dinh Bà | E88: 3.97 | F88: III | G88: III
A89: 74 | B89: Rạch Tràm - Kênh Kê | C89: Sông Cát Lái | D89: Sông Dinh Bà 1 | E89: 5.83 | F89: IV | G89: IV
A90: 75 | B90: Sông Cát Lái - Sông Vàm Sát | C90: Sông Đồng Tranh 2 | D90: Sông Lò Rèn | E90: 13.48 | F90: III | G90: III
... A98: 83 | B98: Rạch Long Thạnh | C98: Sông Đồng Hòa | D98: Bến đò Long Thạnh | E98: 1.32 | F98: VI | G98: Chưa đạt cấp VI
A99: II. | B99: KHU VỰC BÌNH DƯƠNG | H99: Quyết định số 1329/QĐ-UBND ngày 08 tháng 9 năm 2025 của Ủy ban nhân dân Thành phố Hồ Chí Minh công bố danh mục luồng đường thủy nội địa địa phương trên địa bàn Thành phố Hồ Chí Minh, giai đoạn năm 2025 đến năm 2027
A100: 84 | B100: Sông Thị Tính | C100: Ngã 3 sông Sài Gòn | D100: Cầu Đò | E100: 16,5
A101: - | B101: Đoạn 1 | C101: Ngã 3 sông Sài Gòn | D101: Cầu Ông Cộ | E101: 1.25 | F101: III | G101: III
A102: - | B102: Đoạn 2 | C102: Cầu Ông Cộ | D102: Cầu Đò | E102: 15.25 | F102: IV | G102: IV
A103: III. | B103: KHU VỰC BÀ RỊA – VŨNG TÀU | E103: =E104+E107+E110+E115+E116+E117+E118+E121+E125+E128+E131+E132+E135+E138+E141+E142+E143+E144+E148+E149+E154+E155+E156+E159 -> 110.8
A104: 85 | B104: Sông Sao | C104: Sông Thị Vải | D104: Thượng nguồn | E104: 3,59
A105: - | B105: Đoạn 1 | C105: Sông Thị Vải | D105: Cầu Rạch Mương | E105: 0.95 | F105: II | G105: III
A106: - | B106: Đoạn 2 | C106: Cầu Rạch Mương | D106: Thượng nguồn | E106: 2,64 | F106: IV | G106: IV
A107: 86 | B107: Rạch Bàn Thạch | C107: Sông Thị Vải | D107: Thượng nguồn | E107: 2,80
A108: - | B108: Đoạn 1 | C108: Sông Thị Vải | D108: Cầu Bàn Thạch | E108: 0,72 | F108: II | G108: IV
A109: - | B109: Đoạn 2 | C109: Cầu Bàn Thạch | D109: Thượng nguồn | E109: 2,08 | F109: IV | G109: V
A110: 87 | B110: Sông Mỏ Nhát | C110: Cửa Ông Biển | D110: Thượng nguồn | E110: 10,63
A111: - | B111: Đoạn 1 | C111: Cửa Ông Bền | D111: Cầu Mỏ Nhát 1 | E111: 2,8 | F111: I | G111: II
A112: - | B112: Đoạn 2 | C112: Cầu Mỏ Nhát 1 | D112: Cầu Mỏ Nhát 2 | E112: 4,65 | F112: II | G112: II
A113: - | B113: Đoạn 3 | C113: Cầu Mỏ Nhát 2 | D113: Ngã 3 S. Mỏ Nhát - Giếng Muối | E113: 1,07 | F113: II | G113: IV
A114: - | B114: Đoạn 4 | C114: Ngã 3 S. Mỏ Nhát - Giếng Muối | D114: Thượng Nguồn | E114: 2,11 | F114: IV
A115: 88 | B115: Rạch Giếng Muối | C115: Ngã 3 S. Mỏ Nhát | D115: Thượng nguồn | E115: 1,2 | F115: VI
A116: 89 | B116: Sông Tắc Lớn | C116: Sông Thị Vải | D116: Rạch Vàm Treo Gũi | E116: 1,40 | F116: II | G116: III
A117: 90 | B117: Rạch Vàm Treo Gũi | C117: Cầu Vàm Gũi (Sông Thị Vải) | D117: Rạch Ông | E117: 1,80 | F117: II | G117: VI
A118: 91 | B118: Rạch Ông | C118: Rạch Vàm Treo Gũi | D118: Ngã 3 sông Mỏ Nhát | E118: 5,80
A119: - | B119: Đoạn 1 | C119: Rạch Vàm Treo Gũi | D119: Cầu Rạch Ông | E119: 3,32 | F119: III | G119: IV
A120: - | B120: Đoạn 2 | C120: Cầu Rạch Ông | D120: Ngã 3 sông Mỏ Nhát | E120: 2,48 | F120: IV | G120: IV
A121: 92 | B121: Rạch Ngã Tư | C121: Sông Thị Vải | D121: Ngã 3 Rạch Ông | E121: 5,81 | H121: Quyết định số 1329/QĐ-UBND ngày 08 tháng 9 năm 2025 của Ủy ban nhân dân Thành phố Hồ Chí Minh công bố danh mục luồng đường thủy nội địa địa phương trên địa bàn Thành phố Hồ Chí Minh, giai đoạn năm 2025 đến năm 2027
A122: - | B122: Đoạn 1 | C122: Sông Thị Vải | D122: Cầu Rạch Ngã Tư | E122: 0,96 | F122: III | G122: II
A123: - | B123: Đoạn 2 | C123: Cầu Rạch Ngã Tư | D123: Ngã 3 Mỏ Nhát | E123: 3,84 | F123: IV | G123: IV
...

Sheet PL2. So XD-Tieu thoat nuoc
A1: PHỤ LỤC 2 DANH MỤC CÁC TUYẾN SÔNG, SUỐI, KÊNH, RẠCH, HỒ, ĐẬP CÓ CHỨC NĂNG TIÊU THOÁT NƯỚC CHO KHU DÂN CƯ, KHU ĐÔ THỊ, KHU CÔNG NGHIỆP ĐI QUA ĐỊA GIỚI HÀNH CHÍNH TỪ 02 PHƯỜNG, XÃ TRỞ LÊN, CÁC TUYẾN TRỤC CHÍNH THUỘC THẨM QUYỀN QUẢN LÝ CỦA ỦY BAN NHÂN DÂN THÀNH PHỐ HỒ CHÍ MINH PHÂN CẤP CHO SỞ XÂY DỰNG QUẢN LÝ, KHAI THÁC (Kèm theo Quyết định số 39/QĐ-UBND ngày 25 tháng 6 năm 2026 của Ủy ban nhân dân Thành phố Hồ Chí Minh)
A2: STT | B2: Tên sông, kênh, rạch | C2: Địa điểm (phường, xã) | D2: Lý trình | F2: Quy mô
D3: Điểm đầu | E3: Điểm cuối | F3: Dài (m) | G3: Rộng (m) | H3: Ghi chú
A4: Tổng cộng 153 Tuyến | F4: =+F5+F138+F148 -> 241496.89
A5: A | B5: KHU VỰC TRUNG TÂM (132 Tuyến) | F5: =SUM(F6:F136) -> 157128.1
A6: 1 | B6: Rạch Hàng Bàng đoạn 1 | C6: Chợ Quán | D6: Kênh Tàu Hủ | E6: Góc Bến Bãi Sậy-đường Vạn Tượng | F6: 120 | G6: 7
A7: 2 | B7: Rạch Hàng Bàng đoạn 2 | C7: Chợ Quán + Bình Tây + Bình Tiên | D7: Góc Bến Bãi Sậy-đường Vạn Tượng | E7: Phạm Đình Hổ | F7: 726 | G7: 2
A8: 3 | B8: Rạch Hàng Bàng đoạn 3 | C8: Bình Tây + Bình Tiên | D8: Minh Phụng | E8: Kênh Tân Hóa- Lò Gốm | F8: 267 | G8: 2.9
A9: 4 | B9: Rạch Bàu Trâu | C9: Phú Thạnh + Phú Lâm | D9: Cuối kênh Hiệp Tân | E9: Kênh Tân Hóa | F9: 1577 | G9: 7
A10: 5 | B10: Rạch Ruột Ngựa đoạn 2 | C10: Bình Phú + Phú Định | D10: Giao rạch Ruột Ngựa - rạch Nhảy | E10: Cầu Phú Định | F10: 814 | G10: 42.8
A11: 6 | B11: Rạch Nhảy | C11: Bình Phú, An Lạc | D11: Rạch Liên khu 3-4 | E11: Giao rạch Ruột Ngựa - rạch Nhảy | F11: =1540+540 -> 2080 | G11: 7,2-21,7
A12: 7 | B12: Rạch Nhỏ (Bà Lựu nối dài) | C12: Phú Định + An Lạc | D12: Đường An Dương Vương | E12: Giao Rạch Ruột Ngựa | F12: 730 | G12: 7.1
A13: 8 | B13: Rạch Bà Tàng - Cầu Sập | C13: Bình Đông + Bình Hưng | D13: Kênh Đôi | E13: Sông Cần Giuộc | F13: 4500
A14: 9 | B14: Rạch Tư Dinh | C14: Tân Hưng | D14: Rạch Đỉa | E14: Rạch Ông Lớn | F14: 1028 | G14: 41-86
A15: 10 | B15: Rạch Ông Tư Dinh | C15: Tân Hưng | D15: Rạch Bàng | E15: Rạch Ông Lớn | F15: 1150 | G15: 41-86 | I15: Bổ sung
A16: 11 | B16: Rạch Bà Lựu (rạch Năng) | C16: Phú Định + An Lạc | D16: Hồ Học Lãm | E16: An Dương Vương | F16: 430 | G16: 3-8
A17: 12 | B17: Sông Phướng | C17: Tân Nhựt + Tân Tạo | D17: Kênh C | E17: Sông Cái Trung | F17: 1700 | G17: 6-8
A18: 13 | B18: Sông Cái Trung | C18: Tân Nhựt + Tân Tạo | D18: Sông Phướng (Bình Tân) | E18: Sông Chợ Đệm (Bình Chánh) | F18: =2294+2800 -> 5094 | G18: 8-40
A19: 14 | B19: Kênh 19/5 | C19: Bình Hưng Hòa + Tân Sơn Nhì + Tây Thạnh | D19: Gần số 243 đường Hai Sáu Tháng Ba | E19: Kênh Tham Lương (Giao đường CN5 - CN3) | F19: 3650 | G19: 10
A20: 15 | B20: Rạch thoát nước ranh quận Bình Tân - Quận 8 | C20: Phú Định + An Lạc | D20: Chung cư Ehome 3 | E20: Tham Lương - Bến Cát - Vàm Nước Lên | F20: 690 | G20: 4,8
A21: 16 | B21: Rạch Lăng 2 | C21: An Nhơn + Bình Lợi Trung | D21: Cầu Đen đường sắt | E21: Kênh Tham Lương | F21: 1420 | G21: 23
A22: 17 | B22: Rạch Lăng 1 | C22: Phường Bình Lợi Trung | D22: Rạch Lăng 2 | E22: Cầu Đen đường sắt | F22: 347 | G22: 5.2
A23: 18 | B23: Rạch Lăng đoạn 2 | C23: Bình Lợi Trung | D23: Số 341/1 Nguyễn Xí - P.13 (gần giao lộ Nguyễn Xí - Phạm Văn Đồng) | E23: Cầu Băng Ky (Nơ Trang Long) | F23: 980 | G23: 8.6 | I23: Bổ sung
A24: 19 | B24: Rạch Lăng đoạn 1 | C24: Bình Thạnh + Bình Lợi Trung | D24: Giao Rạch Tam Vàm Tắc - Rạch Bà Láng) | E24: Cầu Băng Ky (Nơ Trang Long) | F24: 1023 | G24: 26.6
A25: 20 | B25: Rạch Tam Vàm Tắc | C25: Phường Bình Thạnh | D25: Giao rạch Lăng đoạn 1- rạch Bà Láng | E25: Ngã 3 Bình Lợi-Bình Triệu | F25: 522 | G25: 40.2
A26: 21 | B26: Sông Bình Triệu (Hữu Tắc) | C26: Phường Bình Lợi Trung + Phường Bình Thạnh | D26: Ngã 3 Bình Lợi-Bình Triệu | E26: Sông Sài Gòn | F26: 745 | G26: 42.4
A27: 22 | B27: Rạch Xếp Sâu đoạn 1 | C27: An Hội Đông + Thới An | D27: Kênh Tham Lương | E27: Thửa đất số 12, tờ bản đồ số 1, phường 15 Gò Vấp | F27: 1440 | G27: 8-20
A28: 23 | B28: Rạch Xếp Sâu đoạn 2 | C28: An Hội Đông + Thới An | D28: Kênh Tham Lương | E28: Thửa đất số 1, tờ bản đồ số 2, phường 15 Gò Vấp | F28: 200 | G28: 8
A29: 24 | B29: Kênh Trần Quang Cơ | C29: Tân Thới Hiệp + Thới An + Đông Thạnh | D29: Đường Nguyễn Ảnh Thủ | E29: Ngã ba sông Đá Hàn | F29: 5500 | G29: 10-45 | H29: Tuyến 02 chức năng tiêu thoát nước, sản xuất nông nghiệp (Phối hợp quản lý) | I29: Phối hợp quản lý
A30: 25 | B30: Rạch Cầu Dừa | C30: Thới An + Đông Thạnh | D30: Từ kênh Trần Quang Cơ | E30: Rạch Bến Đá | F30: 1100
A31: 26 | B31: Kênh Ranh | C31: Bà Điểm + Vĩnh Lộc | D31: Đoạn 1: từ đường Dương Công Khi Đoạn 2: từ Kênh Trung Ương | E31: Kênh Liên Vùng | F31: 2400 | G31: 1,5-4,5
A32: 27 | B32: Rạch Bồ Đề | C32: Bình Đông + Bình Hưng | D32: Sông Hiệp Ân | E32: Quốc lộ 50 | F32: 1060 | G32: 20-25
A33: 28 | B33: Rạch Đầm Sen | C33: Bình Thới | D33: Đường Giác Viên | E33: Kênh Tân Hóa | F33: 256 | G33: 11.8
A34: 29 | B34: Kênh Lương Bèo | C34: Tân Tạo | D34: Đường số 40 | E34: Tham Lương - Bến Cát - Vàm Nước Lên | F34: 1880 | G34: 8.1
A35: 30 | B35: Kênh Mười Xà | C35: An Lạc | D35: Đường Hồ Học Lãm | E35: Tham Lương - Bến Cát - Vàm Nước Lên | F35: 700 | G35: 2.8
A36: 31 | B36: Kênh Nước Đen | C36: Bình Hưng Hoà | D36: Cửa xả cống hộp Kênh Nước Đen (trước Trạm xử lý Bình Hưng Hòa) | E36: Tham Lương - Bến Cát - Vàm Nước Lên | F36: 1480 | G36: 7
A37: 32 | B37: Rạch Bà Láng đoạn 1 | C37: Bình Thạnh | D37: Ngã 3 rạch Cầu Sơn - Bà Láng | E37: Cửa xả cầu Bùi Đình Tuý | F37: 631 | G37: 24
A38: 33 | B38: Rạch Bà Láng đoạn 2 | C38: Bình Thạnh | D38: Ngã 3 rạch Cầu Sơn - Bà Láng | E38: Cửa xả Cầu Mới đường Bạch Đằng | F38: 651 | G38: 28
A39: 34 | B39: Rạch Bà Láng đoạn 3 | C39: Bình Thạnh | D39: Ngã 3 rạch Bến Bồi - Bà Láng | E39: Cửa xả cầu Chu Văn An | F39: 312 | G39: 10.8
A40: 35 | B40: Rạch Bà Láng đoạn 4 | C40: Bình Thạnh | D40: Cửa xả cầu Chu Văn An | E40: Cửa xả cầu Bùi Đình Tuý | F40: 640 | G40: 8.8
A41: 36 | B41: Rạch Cầu Sơn đoạn 1 | C41: Thạnh Mỹ Tây | D41: D5 | E41: Cầu Sơn | F41: 185 | G41: 3.5
A42: 37 | B42: Rạch Cầu Sơn đoạn 2 | C42: Bình Thạnh | D42: Ngã ba rạch Cầu Sơn - Bà Láng | E42: Cầu Sơn | F42: 410 | G42: 6.9
A43: 38 | B43: Rạch Văn Thánh đoạn 1 | C43: Thạnh Mỹ Tây | D43: Võ Oanh (Hẻm D3 cũ) | E43: Cầu Văn Thánh (Điện Biên Phủ) | F43: 445 | G43: 22.3
A44: 39 | B44: Rạch Văn Thánh đoạn 2 | C44: Thạnh Mỹ Tây | D44: Cầu Văn Thánh (Điện Biên Phủ) | E44: Cửa xả cuối hẻm 158 Xô Viết Nghệ Tĩnh | F44: 585 | G44: 33.2
... A56: 51 | B56: Rạch Làng Lớn | C56: An Nhơn | D56: Đường Dương Quảng Hàm | E56: Kênh Tham Lương | F56: 360 | G56: 11
A57: 52 | B57: Rạch Sơ Rơ | C57: Thới An | D57: Đường Hà Huy Giáp | E57: Sông Đá Hàn | F57: 2398 | G57: 6-25
A58: 53 | B58: Rạch Rỗng Tùng | C58: Thới An | D58: Đường Hà Huy Giáp | E58: Sông Đá Hàn | F58: 1448 | G58: 6-15
A59: 54 | B59: Rạch Sâu | C59: Thới An + Gò Vấp | D59: Cầu Ba Sóc | E59: Sông Vàm Thuật | F59: 1407 | G59: 6-20
A60: 55 | B60: Rạch Cầu Móng | C60: An Phú Đông | D60: Đường Hà Huy Giáp | E60: Sông Sài Gòn | F60: 404.7 | G60: 5-21
A61: 56 | B61: Rạch Quản | C61: Thới An + An Phú Đông | D61: Đầu tuyến | E61: Sông Sài Gòn | F61: 1237.6 | G61: 5-20
A62: 57 | B62: Rạch Giao Khẩu | C62: Thới An + An Phú Đông | D62: Cầu Cả Bốn | E62: Sông Sài Gòn | F62: 2500 | G62: 18-30
A63: 58 | B63: Rạch Trùm Bích | C63: An Phú Đông | D63: Đường Hà Huy Giáp | E63: Rạch Giao Khầu | F63: 890 | G63: 10-15
A64: 59 | B64: Rạch Cầu Cả Bốn | C64: An Phú Đông | D64: Kênh Tham Lương | E64: Cầu Cả Bốn | F64: 1000 | G64: 10-20
A65: 60 | B65: Kênh Đất Sét | C65: An Phú Đông | D65: Rạch Tư Trang | E65: Sông Vàm Thuật | F65: 1135 | G65: 9-30
A66: 61 | B66: Rạch Thợ Bột | C66: An Phú Đông | D66: Đầu tuyến | E66: Kênh Đất Sét | F66: 1907.5 | G66: 2-30
A67: 62 | B67: Rạch Láng Le | C67: An Phú Đông | D67: Kênh Đất Sét | E67: Sông Sài Gòn | F67: 2397.5 | G67: 4-28
A68: 63 | B68: Rạch Ghe Máy | C68: An Phú Đông | D68: Đường Vườn Lài | E68: Sông Sài Gòn | F68: 634.4 | G68: 4-20
... A79: 74 | B79: Rạch Thầy Bảo | C79: An Phú Đông | D79: Quốc lộ 1 | E79: Đường An Phú Đông 12 | F79: 485 | G79: 3-15
A80: 75 | B80: Rạch Cây Liêm | C80: Đông Hưng Thuận | D80: Cửa xả rạch Cây Liêm | E80: Kênh Tham Lương | F80: 107 | G80: 8
A81: 76 | B81: Kênh tiêu liên xã | C81: Bà Biểm + Xuân Thới Sơn | D81: Từ ranh xã Xuân Thới Sơn | E81: Đoạn nối rạch cầu Sa | F81: 4950
A82: 77 | B82: Rạch Bà Điểm 2 | C82: Bà Điểm | D82: Phan Văn Hớn | E82: Công ty Thanh Bình | F82: 263 | G82: 3
A83: 78 | B83: Rạch Lý Thường Kiệt | C83: Hóc Môn | D83: Quốc lộ 22 | E83: Rạch Hóc Môn | F83: 1240 | G83: 1,5-3,5
A84: 79 | B84: Rạch Hóc Môn | C84: Đông Thạnh + Hóc Môn | D84: Đường Tô Ký | E84: Rạch Tra | F84: 6700 | G84: 3-10
A85: 80 | B85: Rạch Bà Triệu 1 | C85: Đông Thạnh + Hóc Môn | D85: Nguyễn Văn Bứa | E85: Đường Bà Triệu | F85: 2500 | G85: 3-5
A86: 81 | B86: Rạch Nguyễn Thị Sóc | C86: Bà Điểm, Xuân Thới Sơn | D86: Quốc lộ 22 | E86: Cống băng đường Nguyễn Thị Sóc | F86: 172 | G86: 2
A87: 82 | B87: Rạch Cạnh số nhà 42B QL22 (Xăng dầu Hoàng Anh 1) | C87: Xuân Thới Sơn | D87: Xăng dầu Hoàng Anh 1 | E87: Xăng dầu Thành Công | F87: 142 | G87: 3-5
A88: 83 | B88: Rạch Cạnh số nhà 3/153 QL22 | C88: Hóc Môn | D88: Quốc lộ 22 | E88: Bà Triệu | F88: 268 | G88: 3-5
A89: 84 | B89: Rạch Tư Bồ | C89: Hóc Môn | D89: Đường Đỗ Văn Dạy | E89: Rạch Hóc Môn | F89: 150 | G89: 4-5
A90: 85 | B90: Rạch Bến Ngựa | C90: Tân Thuận | D90: Cửa xả Cửa xả 415B Huỳnh Tấn Phát (số cũ 12/9) | E90: Sông Cầu Kinh | F90: 910 | G90: 3-18
A91: 86 | B91: Kênh T12 | C91: Bình Chánh | D91: Xã Tân Quý Tây | E91: Cuối tuyến | F91: 3800
A92: 87 | B92: Rạch Ông Đồ | C92: Bình Chánh + Tân Nhựt | D92: Sông Chợ Đệm | E92: Cách Quốc lộ 1A 75m | F92: 5032 | G92: 6-15
A93: 88 | B93: Rạch Ngọn Đình (Chi lưu rạch Ông Đồ) | C93: Bình Chánh + Tân Nhựt | D93: Số A17/41 Quốc lộ 1A | E93: Rạch Ông Đồ | F93: 1025 | G93: 3-6
A94: 89 | B94: Rạch Bình Lộc | C94: Bình Hưng | D94: Cửa xả số 1 Quốc lộ 50 | E94: Rạch Xã Tớn | F94: 500 | G94: 5-15
A95: 90 | B95: Rạch Chiểu | C95: Bình Hưng | D95: Cửa xả số 4 Quốc lộ 50 | E95: Chi lưu rạch Cầu Bà Cơ | F95: 500 | G95: 7-10
A96: 91 | B96: Rạch Phú Lộc | C96: Bình Hưng | D96: Cửa xả số 3 Quốc lộ 50 | E96: Chi lưu rạch Thủ Đảo | F96: 300 | G96: 5-20
A97: 92 | B97: Kênh ấp 4 - xã Bình Hưng | C97: Bình Hưng | D97: Cửa xả Phạm Hùng | E97: Rạch Xóm Củi | F97: 720 | G97: 5-10
A98: 93 | B98: Nhánh sông Soài Rạp 1 | C98: Nhà Bè | D98: Cửa xả đối diện số 51/5 Hùynh Tấn Phát | E98: Sông Soài Rạp | F98: 500 | G98: 10-15
A99: 94 | B99: Nhánh Sông Phước Kiểng 1 (rạch trước cửa xả số 4 Nguyễn Hữu Thọ) | C99: Nhà Bè | D99: Cửa xả số 4 Nguyễn Hữu Thọ | E99: Sông Phước Kiểng | F99: 50 | G99: 5-6
A100: 95 | B100: Nhánh rạch Bà Chiêm (rạch trước cửa xả số 6 Nguyễn Hữu Thọ) | C100: Nhà Bè + Hiệp Phước | D100: Cửa xả số 6 Nguyễn Hữu Thọ | E100: Rạch Bà Chiêm | F100: 50 | G100: 5-6
A101: 96 | B101: Rạch Bà Thanh-Mỏ Neo nhánh 10 | C101: Nhà Bè | D101: Cửa xả 18/3 Lê Văn Lương (cũ Rạch Mỏ Neo) | E101: Rạch Đỉa | F101: 460 | G101: 10
A102: 97 | B102: Rạch Chùa Lá | C102: Nhà Bè | D102: Sông Rạch Đĩa | E102: Nhà số 839/20 (Khu Dân An) | F102: 825 | G102: 6
A103: 98 | B103: Rạch Đá Đỏ | C103: An Khánh + Bình Trưng | D103: Ngã 3 sông Sài Gòn | E103: Cầu Bê tông cốt thép | F103: 1600 | G103: 20 | I103: Thành phố Thủ Đức cũ
A104: 99 | B104: Rạch Bà Cả | C104: An Khánh + Bình Trưng | D104: Công ty Bạch Đằng (Bộ CA) | E104: Cầu Ông Tranh | F104: 1000 | G104: 22
A105: 100 | B105: Rạch Ông Sầm | C105: An Khánh + Bình Trưng | D105: Cầu Ông Sầm | E105: Sông Giồng Ông Tố | F105: 427 | G105: 8
A106: 101 | B106: Kinh Một Tấn | C106: Long Trường + Phước Long | D106: Đường Nguyễn Duy Trinh | E106: Rạch Chiếc | F106: 1009 | G106: 7 -15
A107: 102 | B107: Rạch Đất Sét | C107: Long Trường + Phước Long | D107: Đường Đỗ Xuân Hợp | E107: Rạch Một Tấn | F107: 2000 | G107: 10 - 30
A108: 103 | B108: Nhánh Sông Kinh 3 | C108: Long Trường + Phước Long | D108: Nhánh rạch Cây Cam | E108: Sông Kênh | F108: 2000 | G108: 20 - 25
A109: 104 | B109: Rạch Gò Công | C109: Tăng Nhơn Phú + Long Bình | D109: Cầu Bến Nọc | E109: Sông Tắc | F109: 4100
A110: 105 | B110: Suối Gò Cát | C110: Linh Xuân + Tăng Nhơn Phú | D110: Rạch Cau | E110: Cuối tuyến | F110: 10500 | G110: 10
A111: 106 | B111: Rạch Cầu Ngang | C111: Linh Xuân + Thủ Đức | D111: Cầu Ngang | E111: Nhà số 94/19 (nhà Bà Dung) | F111: 689
A112: 107 | B112: Rạch Đĩa | C112: Tam Bình + Hiệp Bình | D112: Ngã 3 rạch Năm Chống - rạch Ông Dầu | E112: Ngã 3 Ông Giác | F112: 2670 | G112: 12
A113: 108 | B113: Rạch Nguyễn Văn Hưởng 2 | C113: An Khánh | D113: Đường Nguyễn Văn Hưởng | E113: Sông Sài Gòn | F113: 105 | G113: 6
A114: 109 | B114: Rạch Nguyễn Văn Hưởng 3 | C114: An Khánh | D114: Đường Nguyễn Văn Hưởng | E114: Sông Sài Gòn | F114: 90 | G114: 6
A115: 110 | B115: Rạch Nguyễn Văn Hưởng 4 | C115: An Khánh | D115: Đường Nguyễn Văn Hưởng | E115: Sông Sài Gòn | F115: 88 | G115: 12
A116: 111 | B116: Rạch Nguyễn Văn Hưởng 5 | C116: An Khánh | D116: Đường Nguyễn Văn Hưởng | E116: Sông Sài Gòn | F116: 87 | G116: 10
A117: 112 | B117: Rạch Dừa (Nguyễn Văn Hưởng 8) | C117: An Khánh | D117: Hẻm 97 | E117: Sông Sài Gòn | F117: 570 | G117: 25
A118: 113 | B118: Rạch Thảo Điền (rạch Khu phố 1) | C118: An Khánh | D118: Hội trường KP1 | E118: Sông Sài Gòn | F118: 1100 | G118: 20
A119: 114 | B119: Rạch Ông Chua | C119: An Khánh | D119: Đường Quốc Hương | E119: Đường Song hành Xa lộ Hà Nội | F119: 450 | G119: 2-6
A120: 115 | B120: Rạch Ông Hóa | C120: An Khánh | D120: Hội trường KP6 | E120: Sông Sài Gòn | F120: 650 | G120: 10
A121: 116 | B121: Rạch Bà Đạt | C121: Bình Trưng | D121: Sông Giồng Ông Tố | E121: Rạch Đồng Trong | F121: 1700 | G121: 40
...

Sheet PL3. So NNMT-Tuoi tieu SXNN
A1: PHỤ LỤC 3 DANH MỤC CÁC TUYẾN SÔNG, SUỐI, KÊNH, RẠCH CÓ CHỨC NĂNG TƯỚI TIÊU PHỤC VỤ SẢN XUẤT NÔNG NGHIỆP ĐI QUA ĐỊA GIỚI HÀNH CHÍNH TỪ 02 PHƯỜNG - XÃ TRỞ LÊN, CÁC HỆ THỐNG CÔNG TRÌNH THỦY LỢI, CÁC TUYẾN TRỤC CHÍNH THUỘC THẨM QUYỀN QUẢN LÝ CỦA ỦY BAN NHÂN DÂN THÀNH PHỐ HỒ CHÍ MINH PHÂN CẤP CHO SỞ NÔNG NGHIỆP VÀ MÔI TRƯỜNG QUẢN LÝ, KHAI THÁC (Kèm theo Quyết định số 39/QĐ-UBND ngày 25 tháng 6 năm 2026 của Ủy ban nhân dân Thành phố Hồ Chí Minh)
A2: STT | B2: Tên sông, suối, kênh, rạch | C2: Địa điểm (phường -xã) | D2: Đơn vị được phân cấp quản lý | E2: Lý trình | G2: Quy mô | I2: Ghi chú
E3: Điểm đầu | F3: Điểm cuối | G3: Dài (m) | H3: Rộng (m)
A4: Tổng cộng | G4: =G5+G929 -> 2106258
A5: A. HỆ THỐNG CÔNG TRÌNH THỦY LỢI | G5: =G6+G870+G893 -> 1109990
A6: A1 | B6: KHU VỰC TRUNG TÂM | G6: =SUM(G8:G869) -> 1012540
A7: I | B7: Hệ thống công trình thủy lợi Hóc Môn - Bắc Bình Chánh
A8: 1 | B8: Kênh Trung Ương | C8: Xuân Thới Sơn - Bà Điểm - Vĩnh Lộc - Tân Vĩnh Lộc | D8: Sở Nông nghiệp và Môi trường | E8: Từ Trạm bơm Tân Thới Nhì | F8: Cuối tuyến | G8: 11410
A9: =A8+1 -> 2 | B9: Kênh Liên Vùng | C9: Bà Điểm - Vĩnh Lộc - Tân Vĩnh Lộc | D9: Sở Nông nghiệp và Môi trường | E9: Đường Nguyễn Văn Bứa. | F9: Kênh AH-KC | G9: 9500 | H9: 14-24
A10: =A9+1 -> 3 | B10: Kênh Ranh Long An | C10: Xuân Thới Sơn - Vĩnh Lộc - Tân Vĩnh Lộc - Bình Lợi | D10: Sở Nông nghiệp và Môi trường | E10: Kênh TK7 | F10: Kênh Rau Răm | G10: 15850 | H10: 13-24
A11: =A10+1 -> 4 | B11: Kênh dẫn TB Tân Thới Nhì | C11: Xuân Thới Sơn | D11: Sở Nông nghiệp và Môi trường | E11: Từ cầu An hạ | F11: Trạm bơm TTN | G11: 2285 | H11: 15-20
A12: =A11+1 -> 5 | B12: Kênh AH-KC | C12: xã Tân Vĩnh Lộc + Phường Tân Tạo | D12: Sở Nông nghiệp và Môi trường | E12: Kênh An Hạ | F12: Cầu Tân Tạo | G12: 7583 | H12: 25-35
A13: =A12+1 -> 6 | B13: Kênh A | C13: Tân Vĩnh Lộc - Bình Lợi | D13: Sở Nông nghiệp và Môi trường | E13: Kênh AH-KC | F13: Kênh Xáng Ngang | G13: 6034 | H13: 17-25
A14: =A13+1 -> 7 | B14: Kênh B | C14: Tân Vĩnh Lộc - Bình Lợi | D14: Sở Nông nghiệp và Môi trường | E14: Kênh AH-KC | F14: Kênh Xáng Ngang | G14: 7500 | H14: 17-25
A15: =A14+1 -> 8 | B15: Kênh C | C15: xã Bình Lợi + phường Tân Tạo + xã Tân Nhựt | D15: Sở Nông nghiệp và Môi trường | E15: Từ Cầu Tân Tạo | F15: Kênh Xáng Ngang | G15: 7817 | H15: 25-35
A16: =A15+1 -> 9 | B16: Kênh NT3 | C16: Vĩnh Lộc - Tân Vĩnh Lộc | D16: Sở Nông nghiệp và Môi trường | E16: Kênh Liên Vùng | F16: Cuối tuyến | G16: 1400 | H16: 13
A17: =A16+1 -> 10 | B17: Kênh NT4 | C17: Vĩnh Lộc | D17: Sở Nông nghiệp và Môi trường | E17: Kênh Liên Vùng | F17: Cuối tuyến | G17: 600 | H17: 14
A18: =A17+1 -> 11 | B18: Kênh NT5 | C18: Vĩnh Lộc | D18: Sở Nông nghiệp và Môi trường | E18: Kênh Liên Vùng | F18: Cuối tuyến | G18: 650 | H18: 14
A19: =A18+1 -> 12 | B19: Kênh NT6 | C19: Vĩnh Lộc | D19: Sở Nông nghiệp và Môi trường | E19: Kênh Liên Vùng | F19: Cuối tuyến | G19: 700 | H19: 15
A20: =A19+1 -> 13 | B20: Kênh NT7 | C20: Vĩnh Lộc | D20: Sở Nông nghiệp và Môi trường | E20: Kênh Liên Vùng | F20: Cuối tuyến | G20: 725 | H20: 12
A21: =A20+1 -> 14 | B21: Kênh NT8 | C21: Bà Điểm | D21: Sở Nông nghiệp và Môi trường | E21: Kênh Liên Vùng | F21: Cuối tuyến | G21: 670 | H21: 12
A22: =A21+1 -> 15 | B22: Kênh NT8a | C22: Bà Điểm | D22: Sở Nông nghiệp và Môi trường | E22: Kênh Liên Vùng | F22: Cuối tuyến | G22: 675 | H22: 12
A23: =A22+1 -> 16 | B23: Kênh NT9 | C23: Bà Điểm | D23: Sở Nông nghiệp và Môi trường | E23: Kênh Liên Vùng | F23: Cuối tuyến | G23: 425 | H23: 12
A24: =A23+1 -> 17 | B24: Kênh NT9a | C24: Bà Điểm | D24: Sở Nông nghiệp và Môi trường | E24: Kênh Liên Vùng | F24: Cuối tuyến | G24: 770 | H24: 12
A25: =A24+1 -> 18 | B25: Kênh NT10a | C25: Bà Điểm | D25: Sở Nông nghiệp và Môi trường | E25: Kênh Liên Vùng | F25: Cuối tuyến | G25: 575 | H25: 12
A26: =A25+1 -> 19 | B26: Kênh T15B | C26: Tân Vĩnh Lộc | D26: Sở Nông nghiệp và Môi trường | E26: Kênh B | F26: Cuối tuyến | G26: 1654 | H26: 12
A27: =A26+1 -> 20 | B27: Kênh L8 (T16) | C27: Tân Vĩnh Lộc | D27: Sở Nông nghiệp và Môi trường | E27: Kênh AH-KC | F27: Cuối tuyến | G27: 1200 | H27: 12
A28: =A27+1 -> 21 | B28: Kênh AH13 (T10) | C28: Bà Điểm | D28: Sở Nông nghiệp và Môi trường | E28: Kênh An Hạ | F28: Kênh Liên Vùng | G28: 1735 | H28: 20-22
A29: =A28+1 -> 22 | B29: Kênh AH15 (T9) | C29: Bà Điểm | D29: Sở Nông nghiệp và Môi trường | E29: Kênh An Hạ | F29: Kênh Liên Vùng | G29: 1725 | H29: 12
A30: =A29+1 -> 23 | B30: Kênh AH17 (T8) | C30: Bà Điểm | D30: Sở Nông nghiệp và Môi trường | E30: Kênh An Hạ | F30: Kênh Liên Vùng | G30: 1772 | H30: 12
A31: =A30+1 -> 24 | B31: Kênh AH19 (T7) | C31: Bà Điểm - Vĩnh Lộc | D31: Sở Nông nghiệp và Môi trường | E31: Kênh An Hạ | F31: Kênh Liên Vùng | G31: 1792 | H31: 12
A32: =A31+1 -> 25 | B32: Kênh AH21 (T6) | C32: Vĩnh Lộc | D32: Sở Nông nghiệp và Môi trường | E32: Kênh An Hạ | F32: Kênh Liên Vùng | G32: 1812 | H32: 12
A33: =A32+1 -> 26 | B33: Kênh AH23 (T5) | C33: Vĩnh Lộc - Tân Vĩnh Lộc | D33: Sở Nông nghiệp và Môi trường | E33: Kênh An Hạ | F33: Kênh Liên Vùng | G33: 1840 | H33: 12
A34: =A33+1 -> 27 | B34: Kênh AH25 (T4) | C34: Vĩnh Lộc - Tân Vĩnh Lộc | D34: Sở Nông nghiệp và Môi trường | E34: Kênh An Hạ | F34: Kênh Liên Vùng | G34: 1837 | H34: 12
A35: =A34+1 -> 28 | B35: Kênh AH27 (T3) | C35: Vĩnh Lộc - Tân Vĩnh Lộc | D35: Sở Nông nghiệp và Môi trường | E35: Kênh An Hạ | F35: Kênh Liên Vùng | G35: 1830 | H35: 12
A36: =A35+1 -> 29 | B36: Kênh AH29 (T2) | C36: Tân Vĩnh Lộc | D36: Sở Nông nghiệp và Môi trường | E36: Kênh An Hạ | F36: Kênh Liên Vùng | G36: 1775 | H36: 12
A37: =A36+1 -> 30 | B37: Kênh AH33 (T0) | C37: Tân Vĩnh Lộc | D37: Sở Nông nghiệp và Môi trường | E37: Kênh An Hạ | F37: Cuối tuyến | G37: 4875 | H37: 15-18
A38: =A37+1 -> 31 | B38: Kênh AH35 (T11) | C38: Tân Vĩnh Lộc | D38: Sở Nông nghiệp và Môi trường | E38: Kênh AH-KC | F38: Kênh T0 | G38: 1250 | H38: 12
A39: =A38+1 -> 32 | B39: Kênh AH37 (T12) | C39: Tân Vĩnh Lộc | D39: Sở Nông nghiệp và Môi trường | E39: Kênh AH-KC | F39: Kênh T0 | G39: 1300 | H39: 12
A40: =A39+1 -> 33 | B40: Kênh AH39 (T13) | C40: Tân Vĩnh Lộc | D40: Sở Nông nghiệp và Môi trường | E40: Kênh T14 | F40: Kênh T0 | G40: 1300 | H40: 12
A41: =A40+1 -> 34 | B41: Kênh AH41 (T14) | C41: Tân Vĩnh Lộc | D41: Sở Nông nghiệp và Môi trường | E41: Kênh AH-KC | F41: Kênh T0 | G41: 1400 | H41: 12
A42: =A41+1 -> 35 | B42: Kênh AH14 (K9) | C42: Vĩnh Lộc | D42: Sở Nông nghiệp và Môi trường | E42: Kênh An Hạ | F42: Kênh Ranh Long An | G42: 960 | H42: 12
A43: =A42+1 -> 36 | B43: Kênh AH16 (K8) | C43: Vĩnh Lộc | D43: Sở Nông nghiệp và Môi trường | E43: Kênh An Hạ | F43: Kênh Ranh Long An | G43: 967 | H43: 12
A44: =A43+1 -> 37 | B44: Kênh AH18 (K7) | C44: Vĩnh Lộc | D44: Sở Nông nghiệp và Môi trường | E44: Kênh An Hạ | F44: Kênh Ranh Long An | G44: 1006 | H44: 12
A45: =A44+1 -> 38 | B45: Kênh AH20 (K6) | C45: Vĩnh Lộc | D45: Sở Nông nghiệp và Môi trường | E45: Kênh An Hạ | F45: Kênh Ranh Long An | G45: 997 | H45: 12
A46: =A45+1 -> 39 | B46: Kênh AH22 (K5) | C46: Vĩnh Lộc - Tân Vĩnh Lộc | D46: Sở Nông nghiệp và Môi trường | E46: Kênh An Hạ | F46: Kênh Ranh Long An | G46: 983 | H46: 12
A47: =A46+1 -> 40 | B47: Kênh AH24 (K4) | C47: Tân Vĩnh Lộc | D47: Sở Nông nghiệp và Môi trường | E47: Kênh An Hạ | F47: Kênh Ranh Long An | G47: 981 | H47: 12
A48: =A47+1 -> 41 | B48: Kênh AH26 (K3) | C48: Tân Vĩnh Lộc | D48: Sở Nông nghiệp và Môi trường | E48: Kênh An Hạ | F48: Kênh Ranh Long An | G48: 978 | H48: 12
A49: =A48+1 -> 42 | B49: Kênh AH28 (K2) | C49: Tân Vĩnh Lộc | D49: Sở Nông nghiệp và Môi trường | E49: Kênh An Hạ | F49: Kênh Ranh Long An | G49: 945 | H49: 12
... A57: =A56+1 -> 50 | B57: Kênh AH 12 | C57: Xuân Thới Sơn | D57: Sở Nông nghiệp và Môi trường | E57: Kênh An Hạ | F57: Kênh Ranh Long An | G57: 1000 | H57: 12
A58: =A57+1 -> 51 | B58: Kênh TK1 | C58: Xuân Thới Sơn | D58: Sở Nông nghiệp và Môi trường | E58: Kênh Thầy Cai | F58: Kênh Ranh Long An | G58: 1300 | H58: 17-20
A59: =A58+1 -> 52 | B59: Kênh TK3 | C59: Xuân Thới Sơn | D59: Sở Nông nghiệp và Môi trường | E59: Kênh Thầy Cai | F59: Kênh Ranh Long An | G59: 1000 | H59: 12
A60: =A59+1 -> 53 | B60: Kênh TK5 | C60: Xuân Thới Sơn | D60: Sở Nông nghiệp và Môi trường | E60: Kênh Thầy Cai | F60: Kênh Ranh Long An | G60: 500 | H60: 12
A61: =A60+1 -> 54 | B61: Kênh TK7 | C61: Xuân Thới Sơn | D61: Sở Nông nghiệp và Môi trường | E61: Kênh Thầy Cai | F61: Kênh Ranh Long An | G61: 300 | H61: 12
A62: =A61+1 -> 55 | B62: Kênh AH 1 | C62: Xuân Thới Sơn | D62: Sở Nông nghiệp và Môi trường | E62: Kênh An Hạ | F62: Kênh dẫn TTN | G62: 1612 | H62: 12
A63: =A62+1 -> 56 | B63: Kênh AH 1A | C63: Xuân Thới Sơn | D63: Sở Nông nghiệp và Môi trường | E63: Kênh An Hạ | F63: Kênh AH1B | G63: 697 | H63: 3
A64: =A63+1 -> 57 | B64: Kênh AH 1B | C64: Xuân Thới Sơn | D64: Sở Nông nghiệp và Môi trường | E64: Kênh An Hạ | F64: Cuối tuyến | G64: 554 | H64: 12
A65: =A64+1 -> 58 | B65: Kênh AH 3 | C65: Xuân Thới Sơn | D65: Sở Nông nghiệp và Môi trường | E65: Kênh An Hạ | F65: Cuối tuyến | G65: 1635 | H65: 12
A66: =A65+1 -> 59 | B66: Kênh AH 3A | C66: Xuân Thới Sơn | D66: Sở Nông nghiệp và Môi trường | E66: Kênh An Hạ | F66: Cuối tuyến | G66: 1554 | H66: 12
A67: =A66+1 -> 60 | B67: Kênh AH 5 | C67: Xuân Thới Sơn | D67: Sở Nông nghiệp và Môi trường | E67: Kênh An Hạ | F67: Cuối tuyến | G67: 1769 | H67: 12
A68: =A67+1 -> 61 | B68: Kênh AH7 (T12) | C68: Xuân Thới Sơn | D68: Sở Nông nghiệp và Môi trường | E68: Kênh An Hạ | F68: Cuối tuyến | G68: 1800 | H68: 12
A69: =A68+1 -> 62 | B69: Kênh AH9 (T11) | C69: Xuân Thới Sơn | D69: Sở Nông nghiệp và Môi trường | E69: Kênh An Hạ | F69: Cuối tuyến | G69: 1800 | H69: 12
A70: =A69+1 -> 63 | B70: Kênh AH 11 (T10) | C70: Xuân Thới Sơn | D70: Sở Nông nghiệp và Môi trường | E70: Kênh An Hạ | F70: Cuối tuyến | G70: 1963 | H70: 12
... A115: =A114+1 -> 108 | B115: Kênh C24 | C115: Tân Nhựt | D115: Sở Nông nghiệp và Môi trường | E115: Đường kênh C | F115: Khu tưởng niệm Tết Mậu Thân | G115: 3480 | H115: 12
A116: =A115+1 -> 109 | B116: Kênh T18 | C116: Tân Vĩnh Lộc | D116: Sở Nông nghiệp và Môi trường | E116: Kênh Liên Vùng | F116: Ranh Xã Phạm Văn Hai | G116: 845
A117: II | B117: Hệ thống thủy lợi kênh Đông Củ Chi và N31A-Bến Mương-Láng The
A118: =A116+1 -> 110 | B118: Kênh Chính Đông | C118: Thái Mỹ -Tân An Hội | D118: Sở Nông nghiệp và Môi trường | E118: Xã Thái Mỹ | F118: Xã Tân An Hội | G118: 11216 | H118: 16 - 20
A119: =A118+1 -> 111 | B119: Kênh N23A | C119: Thái Mỹ-An Nhơn Tây | D119: Sở Nông nghiệp và Môi trường | E119: xã Thái Mỹ ( ranh Trảng Bàng) | F119: Xã An Nhơn Tây | G119: 4002 | H119: 8.6
A120: =A119+1 -> 112 | B120: Kênh N25 | C120: Thái Mỹ - An Nhơn Tây- Nhuận Đức | D120: Sở Nông nghiệp và Môi trường | E120: Kênh Đông | F120: Ranh Nhuận Đức | G120: 11544 | H120: 10.4
A121: =A120+1 -> 113 | B121: Kênh N25B | C121: Nhuận Đức | D121: Sở Nông nghiệp và Môi trường | E121: Kf kênh N25 | F121: Cuối tuyến | G121: 2975 | H121: 0.8
A122: =A121+1 -> 114 | B122: Kênh N27 | C122: Thái Mỹ | D122: Sở Nông nghiệp và Môi trường | E122: Kênh Đông | F122: Cuối tuyến | G122: 1860 | H122: 2.2
A123: =A122+1 -> 115 | B123: Kênh N27B | C123: Thái Mỹ | D123: Sở Nông nghiệp và Môi trường | E123: Kênh Đông | F123: Cuối tuyến | G123: 460 | H123: 0.45
A124: =A123+1 -> 116 | B124: Kênh N28 | C124: Thái Mỹ | D124: Sở Nông nghiệp và Môi trường | E124: Kênh Đông | F124: Cuối tuyến | G124: 746 | H124: 1.6
A125: =A124+1 -> 117 | B125: Kênh N28-VC1 | C125: Thái Mỹ | D125: Sở Nông nghiệp và Môi trường | E125: Kênh Đông | F125: Cuối tuyến | G125: 300 | H125: 0.25
A126: =A125+1 -> 118 | B126: Kênh N28-VC2 | C126: Thái Mỹ | D126: Sở Nông nghiệp và Môi trường | E126: Kênh Đông | F126: Cuối tuyến | G126: 280 | H126: 0.25
A127: =A126+1 -> 119 | B127: Kênh N29 | C127: Thái Mỹ | D127: Sở Nông nghiệp và Môi trường | E127: Kênh Đông | F127: Cuối tuyến | G127: 492 | H127: 1.8
A128: =A127+1 -> 120 | B128: Kênh N30 | C128: Thái Mỹ | D128: Sở Nông nghiệp và Môi trường | E128: Kênh Đông | F128: Cuối tuyến | G128: 650 | H128: 1.6
A129: =A128+1 -> 121 | B129: Kênh N31 | C129: Thái Mỹ | D129: Sở Nông nghiệp và Môi trường | E129: Kênh Đông | F129: Cuối tuyến | G129: 790 | H129: 1.9
A130: =A129+1 -> 122 | B130: Kênh N31A | C130: Thái Mỹ-Nhuận Đức - Tân An Hội - Củ Chi | D130: Sở Nông nghiệp và Môi trường | E130: Kênh Đông | F130: Cuối tuyến | G130: 16624 | H130: 8 - 10
A131: =A130+1 -> 123 | B131: Kênh N32 | C131: Thái Mỹ | D131: Sở Nông nghiệp và Môi trường | E131: Kênh Đông | F131: Cuối tuyến | G131: 529 | H131: 1.6
A132: =A131+1 -> 124 | B132: Kênh N33 | C132: Thái Mỹ | D132: Sở Nông nghiệp và Môi trường | E132: Kênh Đông | F132: Cuối tuyến | G132: 1535 | H132: 2
A133: =A132+1 -> 125 | B133: Kênh N34 | C133: Thái Mỹ | D133: Sở Nông nghiệp và Môi trường | E133: Kênh Đông | F133: Cuối tuyến | G133: 468 | H133: 1.4
A134: =A133+1 -> 126 | B134: Kênh N35 | C134: Thái Mỹ | D134: Sở Nông nghiệp và Môi trường | E134: Kênh Đông | F134: Cuối tuyến | G134: 1404 | H134: 1.9
A135: =A134+1 -> 127 | B135: Kênh N36 | C135: Thái Mỹ | D135: Sở Nông nghiệp và Môi trường | E135: Kênh Đông | F135: Cuối tuyến | G135: 897 | H135: 0.8
A136: =A135+1 -> 128 | B136: Kênh N37 | C136: Thái Mỹ | D136: Sở Nông nghiệp và Môi trường | E136: Kênh Đông | F136: Cuối tuyến | G136: 904 | H136: 2.4
A137: =A136+1 -> 129 | B137: Kênh N38 | C137: Thái Mỹ | D137: Sở Nông nghiệp và Môi trường | E137: Kênh Đông | F137: T38 | G137: 6550 | H137: 4 - 7
A138: =A137+1 -> 130 | B138: Kênh N38B | C138: Thái Mỹ | D138: Sở Nông nghiệp và Môi trường | E138: Kf kênh N38 | F138: Cuối tuyến | G138: 384 | H138: 0.5
A139: =A138+1 -> 131 | B139: Kênh N39 | C139: Thái Mỹ | D139: Sở Nông nghiệp và Môi trường | E139: Kênh Đông | F139: Cuối tuyến | G139: 1659 | H139: 2.5
A140: =A139+1 -> 132 | B140: Kênh N40 | C140: Thái Mỹ | D140: Sở Nông nghiệp và Môi trường | E140: Kênh Đông | F140: Cuối tuyến | G140: 800 | H140: 5.5
A141: =A140+1 -> 133 | B141: Kênh N41 | C141: Tân An Hội | D141: Sở Nông nghiệp và Môi trường | E141: Kênh Đông | F141: Cuối tuyến | G141: 928 | H141: 0.8
A142: =A141+1 -> 134 | B142: Kênh N41A | C142: Tân An Hội | D142: Sở Nông nghiệp và Môi trường | E142: Kênh Đông | F142: Cuối tuyến | G142: 1147 | H142: 2.2
A143: =A142+1 -> 135 | B143: Kênh N42 | C143: Thái Mỹ | D143: Sở Nông nghiệp và Môi trường | E143: Kênh Đông | F143: Cuối tuyến | G143: 651 | H143: 0.7
A144: =A143+1 -> 136 | B144: Kênh N43 | C144: Tân An Hội | D144: Sở Nông nghiệp và Môi trường | E144: Kênh Đông | F144: Cuối tuyến | G144: 1619 | H144: 5 - 6,8
A145: =A144+1 -> 137 | B145: Kênh N43KD | C145: Tân An Hội | D145: Sở Nông nghiệp và Môi trường | E145: Kf kênh N43 | F145: Cuối tuyến | G145: 725 | H145: 0.8
A146: =A145+1 -> 138 | B146: Kênh N44 | C146: Tân An Hội | D146: Sở Nông nghiệp và Môi trường | E146: Kênh Đông | F146: Cuối tuyến | G146: 753 | H146: 2.2
A147: =A146+1 -> 139 | B147: Kênh N46 | C147: Tân An Hội - Củ Chi | D147: Sở Nông nghiệp và Môi trường | E147: Kênh Đông | F147: Kênh TC2-18 | G147: 14971 | H147: 9 - 10
A148: =A147+1 -> 140 | B148: Kênh N23A-2 | C148: An Nhơn Tây | D148: Sở Nông nghiệp và Môi trường | E148: Kênh N23A | F148: Cuối tuyến | G148: 390 | H148: 1.5
A149: =A148+1 -> 141 | B149: Kênh N23A-4 | C149: An Nhơn Tây | D149: Sở Nông nghiệp và Môi trường | E149: Kênh N23A | F149: Cuối tuyến | G149: 762 | H149: 1.7
A150: =A149+1 -> 142 | B150: Kênh N23A-6 | C150: An Nhơn Tây | D150: Sở Nông nghiệp và Môi trường | E150: Kênh N23A | F150: Cuối tuyến | G150: 540 | H150: 1
A151: =A150+1 -> 143 | B151: Kênh N23A-10 | C151: An Nhơn Tây | D151: Sở Nông nghiệp và Môi trường | E151: Kênh N23A | F151: Cuối tuyến | G151: 280 | H151: 0.5
...

Sheet PL4. So NNMT-ho dap
A1: PHỤ LỤC 4 DANH MỤC CÁC HỒ, ĐẬP CÓ CHỨC NĂNG TƯỚI TIÊU PHỤC VỤ SẢN XUẤT NÔNG NGHIỆP, CẤP NƯỚC SINH HOẠT, ĐIỀU TIẾT LŨ CÓ PHẠM VI ẢNH HƯỞNG TRÊN ĐỊA BÀN TỪ 02 PHƯỜNG - XÃ TRỞ LÊN THUỘC THẨM QUYỀN QUẢN LÝ CỦA ỦY BAN NHÂN DÂN THÀNH PHỐ HỒ CHÍ MINH PHÂN CẤP CHO SỞ NÔNG NGHIỆP VÀ MÔI TRƯỜNG QUẢN LÝ, KHAI THÁC
A2: (Kèm theo Quyết định số 39/QĐ-UBND ngày 25 tháng 6 năm 2026 của Ủy ban nhân dân Thành phố Hồ Chí Minh)
A4: STT | B4: Tên hồ, đập | C4: Địa điểm (phường -xã) | D4: Quy mô thiết kế | I4: Ghi chú
D5: Dung tích toàn bộ (triệu m3) | E5: Chiều cao đập chính (m) | F5: Chiều dài đập chính (m) | G5: Lưu lượng xả tràn, xã lũ (m3/s) | H5: Loại công trình
A6: A | B6: Hồ
A7: 1 | B7: Hồ Sông Ray | C7: Xã Xuân Sơn, xã Hòa Hội, xã Bàu Lâm, xã Sông Ray | D7: 215.36 | E7: 34 | F7: 1930 | G7: 2641 | H7: Hồ lớn
A8: 2 | B8: Hồ Đá Đen | C8: Xã Ngãi Giao, xã Kim Long, xã Châu Pha, Phường Tân Thành | D8: 33.4 | E8: 22.5 | F8: 1258 | G8: 400.84
A9: 3 | B9: Hồ Suối Giàu | C9: Xã Xuân Sơn, xã Nghĩa Thành | D9: 12.2 | E9: 23.8 | F9: 600 | G9: 67.7
A10: 4 | B10: Hồ Đá Bàng | C10: Xã Nghĩa Thành, xã Đất Đỏ | D10: 11.35 | E10: 14.2 | F10: 941 | G10: 80.89
A11: 5 | B11: Hồ Tầm Bó | C11: Xã Kim Long, xã Bình Giã | D11: 5.85 | E11: 19.2 | F11: 680 | G11: 40
A12: 6 | B12: Hồ Lồ Ồ | C12: Xã Xuân Sơn, xã Đất Đỏ | D12: 6 | E12: 15.6 | F12: 600 | G12: 162.9
A13: 7 | B13: Hồ Xuyên Mộc | C13: Xã Hồ Tràm | D13: 4.5 | E13: 10.5 | F13: 1022 | G13: 6
A14: 8 | B14: Hồ Suối Các | C14: Xã Hòa Hiệp | D14: 4.3 | E14: 12.43 | F14: 1220 | G14: 40.44
A15: 9 | B15: Hồ Gia Hoét I | C15: Xã Bình Giã | D15: 4 | E15: 21.3 | F15: 809 | G15: 45.09
A16: 10 | B16: Hồ Châu Pha | C16: Xã Châu Pha, Phường Tân Thành | D16: 3.52 | E16: 7.5 | F16: 1010 | G16: 64.13
A17: 11 | B17: Hồ Kim Long | C17: Xã Kim Long | D17: 3.78 | E17: 21 | F17: 1000 | G17: 45.5
A18: 12 | B18: Hồ Sông Hỏa | C18: Xã Hòa Hội, xã Xuyên Mộc | D18: 2.22 | E18: 12 | F18: 1593 | G18: 152.1
A19: 13 | B19: Hồ Đá Bàn | C19: Xã Bắc Tân Uyên | D19: 5.887 | E19: 14 | F19: 400 | G19: 10.06
A20: 14 | B20: Hồ Cần Nôm | C20: Xã Thanh An | D20: 7.487 | E20: 12 | F20: 800 | G20: 20.75
A21: 15 | B21: Hồ Suối Môn | C21: Xã Đất Đỏ | D21: 1.6 | E21: 8.7 | F21: 1105 | G21: 18 | H21: Hồ vừa
A22: 16 | B22: Hồ Núi Nhan | C22: Xã Ngãi Giao, xã Kim Long | D22: 1.12 | E22: 13 | F22: 345 | G22: 3.6
A23: 17 | B23: Hồ Dốc Nhàn | C23: Xã Thường Tân | D23: 0.545 | E23: 9 | F23: 192.5
A24: 18 | B24: Hồ Gia Hoét II | C24: Xã Bình Giã | D24: 0.067 | F24: 6 | H24: Hồ nhỏ
A25: 19 | B25: Hồ Suối Sao | C25: Xã Bình Giã | D25: 0.107 | F25: 7.2
A26: 20 | B26: Hồ Suối Đôi I | C26: Xã Bình Giã | D26: 0.165 | E26: 251 | F26: 93
A27: 21 | B27: Hồ Từ Vân I | C27: Phường Bến Cát | D27: 0.309 | E27: 350 | F27: 5.1
A28: 22 | B28: Hồ Từ Vân II | C28: Phường Bến Cát | D28: 0.241 | E28: 332 | F28: 6.35
A29: B | B29: ĐẬP DÂNG
A30: 1 | B30: Đập Sông Dinh I | C30: Phường Bà Rịa, Phường Long Hương, Phường Tam Long
A31: 2 | B31: Đập dâng Sông Ray | C31: Xã Đất Đỏ
A32: 3 | B32: Đập Sông Xoài | C32: Xã Châu Pha, xã Nghĩa Thành
A33: 4 | B33: Đập Suối Sỏi | C33: Phường Tam Long
A34: 5 | B34: Đập Sông Dinh II | C34: Phường Long Hương, Phường Bà Rịa
A35: 6 | B35: Đập Suối Nghệ | C35: Xã Ngãi Giao
A36: 7 | B36: Đập Phước An | C36: Xã Nghĩa Thành
A37: 8 | B37: Đập Bà | C37: Phường Tam Long, Xã Đất Đỏ
A38: 9 | B38: Đập dâng Cầu Mới | C38: Xã Hồ Tràm
A39: 10 | B39: Đập Ông Hựu | C39: Phường Tân Uyên
A40: 11 | B40: Đập Thị Tính (Đập Hàng Nù) | C40: xã Long Hòa, xã Thanh An

Sheet PL5. Phuong xa-song kenh rach
A1: PHỤ LỤC 5 DANH MỤC CÁC TUYẾN KÊNH, RẠCH CÓ CHỨC NĂNG TIÊU THOÁT NƯỚC, TƯỚI TIÊU PHỤC VỤ SẢN XUẤT NÔNG NGHIỆP THUỘC THẨM QUYỀN QUẢN LÝ CỦA ỦY BAN NHÂN DÂN THÀNH PHỐ HỒ CHÍ MINH PHÂN CẤP CHO ỦY BAN NHÂN DÂN CÁC PHƯỜNG, XÃ QUẢN LÝ (Kèm theo Quyết định số 39/QĐ-UBND ngày 25 tháng 6 năm 2026 của Ủy ban nhân dân Thành phố Hồ Chí Minh)
A2: STT | B2: Tên sông, kênh, rạch | C2: Địa điểm (phường, xã, đặc khu) | D2: Phân cấp quản lý | E2: Lý trình | G2: Quy mô
E3: Điểm đầu | F3: Điểm cuối | G3: Dài (m) | H3: Rộng (m)
A4: Tổng cộng: | G4: =G5+G1234 -> 3782784
A5: A. DANH MỤC CÁC TUYẾN KÊNH, RẠCH CÓ CHỨC NĂNG TIÊU THOÁT NƯỚC PHÂN CẤP CHO ỦY BAN NHÂN DÂN CÁC PHƯỜNG, XÃ QUẢN LÝ THEO ĐỊA GIỚI HÀNH CHÍNH | G5: =G6+G959+G1159 -> 1472002.9
A6: I. KHU VỰC TRUNG TÂM | G6: =SUM(G7:G958) -> 706023.88
A7: 1 | B7: Rạch Bà Đô | C7: Phường Chợ Quán | D7: ="UBND "&C7 -> UBND Phường Chợ Quán | E7: Cống thoát nước băng đường Võ Văn Kiệt | F7: Kênh Tàu Hủ | G7: 25 | H7: 2,5
A8: 2 | B8: Rạch Bà Miêng nhánh 1 | C8: Phường An Hội Đông | D8: ="UBND "&C8 -> UBND Phường An Hội Đông | E8: Cuối hẻm 730 Lê Đức Thọ | F8: Rạch Bà Miêng | G8: 390 | H8: 2.4
A9: 3 | B9: Rạch Chùa Chiêm Phước | C9: Phường An Hội Đông | D9: ="UBND "&C9 -> UBND Phường An Hội Đông | E9: Số nhà 884/39 Lê Đức Thọ, phường 15 | F9: Kênh Tham Lương | G9: 340 | H9: 3.7
A10: 4 | B10: Rạch khu phố 8, phường 15 | C10: Phường An Hội Đông | D10: ="UBND "&C10 -> UBND Phường An Hội Đông | E10: Kênh Tham Lương | F10: Hẻm 114 Tô Ngọc Vân | G10: 310 | H10: 6
A11: 5 | B11: Rạch Cầu Cụt nhánh 1 | C11: Phường An Hội Tây | D11: ="UBND "&C11 -> UBND Phường An Hội Tây | E11: Số nhà 120/57/55 đường số 59, Phường 14. | F11: Rạch Cầu Cụt | G11: 127 | H11: 1.5
A12: 6 | B12: Rạch Cầu Cụt | C12: Phường An Hội Tây | D12: ="UBND "&C12 -> UBND Phường An Hội Tây | E12: Sau lưng trại gia cầm (148/11/54, đường số 59, phường 14) | F12: Kênh Tham Lương | G12: 846 | H12: 6
A13: 7 | B13: Rạch Nguyễn Văn Hưởng 2 | C13: Phường An Khánh | D13: ="UBND "&C13 -> UBND Phường An Khánh | E13: Đường Nguyễn Văn Hưởng | F13: Sông Sài Gòn | G13: 105 | H13: 6
A14: 8 | B14: Rạch Nguyễn Văn Hưởng 3 | C14: Phường An Khánh | D14: ="UBND "&C14 -> UBND Phường An Khánh | E14: Đường Nguyễn Văn Hưởng | F14: Sông Sài Gòn | G14: 90 | H14: 6
A15: 9 | B15: Rạch Nguyễn Văn Hưởng 4 | C15: Phường An Khánh | D15: ="UBND "&C15 -> UBND Phường An Khánh | E15: Đường Nguyễn Văn Hưởng | F15: Sông Sài Gòn | G15: 88 | H15: 12
A16: 10 | B16: Rạch Nguyễn Văn Hưởng 5 | C16: Phường An Khánh | D16: ="UBND "&C16 -> UBND Phường An Khánh | E16: Đường Nguyễn Văn Hưởng | F16: Sông Sài Gòn | G16: 87 | H16: 10
A17: 11 | B17: Rạch Dừa (Nguyễn Văn Hưởng 8) | C17: Phường An Khánh | D17: ="UBND "&C17 -> UBND Phường An Khánh | E17: Hẻm 97 | F17: Sông Sài Gòn | G17: 570 | H17: 25
A18: 12 | B18: Rạch Ngo (Rạch Cầu Phao) | C18: Phường An Khánh | D18: ="UBND "&C18 -> UBND Phường An Khánh | E18: Ngã ba rạch Cầu Ông Cậy | F18: Ngã 3 sông Sài Gòn | G18: 2200 | H18: 15
A19: 13 | B19: Rạch Đá Đỏ | C19: Phường An Khánh | D19: ="UBND "&C19 -> UBND Phường An Khánh | E19: Ngã 3 sông Sài Gòn | F19: Cầu Bê tông cốt thép | G19: 1600 | H19: 20
A20: 14 | B20: Rạch Thảo Điền | C20: Phường An Khánh | D20: ="UBND "&C20 -> UBND Phường An Khánh | E20: Hội trường KP1 | F20: Sông Sài Gòn | G20: 1100 | H20: 20
A21: 15 | B21: Rạch Ông Chua | C21: Phường An Khánh | D21: ="UBND "&C21 -> UBND Phường An Khánh | E21: Đường Quốc Hương | F21: Đường Song hành Xa lộ Hà Nội | G21: 450 | H21: 2-6
A22: 16 | B22: Rạch Ông Hóa | C22: Phường An Khánh | D22: ="UBND "&C22 -> UBND Phường An Khánh | E22: Hội trường KP6 | F22: Sông Sài Gòn | G22: 650 | H22: 10
A23: 17 | B23: Rạch Ông Dí | C23: Phường An Khánh | D23: ="UBND "&C23 -> UBND Phường An Khánh | E23: Đường số 61 | F23: Đường Nguyễn Văn Hưởng | G23: 401 | H23: 10
A24: 18 | B24: Rạch Khu Phố 1 | C24: Phường An Khánh | D24: ="UBND "&C24 -> UBND Phường An Khánh | E24: Dự án Phát triển nhà Thủ Đức | F24: Sông Sài Gòn | G24: 269 | H24: 2-10
... A44: 38 | B44: Rạch Ruột Ngựa nhánh 1 (Kênh Năm Sao) | C44: Phường An Lạc | D44: ="UBND "&C44 -> UBND Phường An Lạc | E44: Hẻm số 27/36/75/12/4 đường Bùi Tư Toàn | F44: Rạch Ruột Ngựa | G44: 430 | H44: 3-8
A45: 39 | B45: Rạch Khu phố 3-4 (nhánh 1) | C45: Phường An Lạc | D45: ="UBND "&C45 -> UBND Phường An Lạc | E45: Rạch khu phố 3-4 | F45: Hẻm số 92/10 | G45: 320 | H45: 3
A46: 40 | B46: Rạch Khu phố 3-4 (nhánh 2) | C46: Phường An Lạc | D46: ="UBND "&C46 -> UBND Phường An Lạc | E46: Rạch khu phố 3-4 | F46: Hẻm số 50/1/57 | G46: 174 | H46: 3
A47: 41 | B47: Nhánh 2 Rạch Nhảy | C47: Phường An Lạc | D47: ="UBND "&C47 -> UBND Phường An Lạc | E47: Rạch Nhảy | F47: Khu tái định cư Lý Chiêu Hoàng | G47: 160 | H47: 5-15
A48: 42 | B48: Kênh Hai Nghiệp | C48: Phường An Lạc | D48: ="UBND "&C48 -> UBND Phường An Lạc | E48: Kênh Tham Lương - Bến Cát - rạch Nước Lên | F48: cuối tuyến (nhà dân hiện hữu) | G48: 150 | H48: 8
A49: 43 | B49: Kênh Nội Đồng (cặp hẻm 130 đường Lê Tấn Bê) | C49: Phường An Lạc | D49: ="UBND "&C49 -> UBND Phường An Lạc | E49: Đường Lê Tấn Bê | F49: Rạch Nước Lên | G49: 160 | H49: 3-7
A50: 44 | B50: Rạch Chín Xiểng | C50: Phường An Nhơn | D50: ="UBND "&C50 -> UBND Phường An Nhơn | E50: 80/61A Dương Quảng Hàm, phường 5 | F50: Rạch Làng Lớn | G50: 783 | H50: 10
A51: 45 | B51: Rạch Dừa (đoạn mương hở) | C51: Phường An Nhơn | D51: ="UBND "&C51 -> UBND Phường An Nhơn | E51: Dương Quảng Hàm | F51: Kênh Tham Lương | G51: 670 | H51: 17.5
A52: 46 | B52: Rạch Ông Bàu nhánh 1 | C52: Phường An Nhơn | D52: ="UBND "&C52 -> UBND Phường An Nhơn | E52: Số 246/32/7 Dương Quảng hàm, phường 6 | F52: Ngã ba giao rạch Ông Bàu | G52: 127 | H52: 7
A53: 47 | B53: Rạch Ông Tổng | C53: Phường An Nhơn | D53: ="UBND "&C53 -> UBND Phường An Nhơn | E53: Số 234/59 Lê Đức Thọ, phường 6 (ngã ba giao rạch Ông Tổng nhánh 1 và 3) | F53: Kênh Tham Lương | G53: 555 | H53: 20
A54: 48 | B54: Rạch Ông Tổng nhánh 1 | C54: Phường An Nhơn | D54: ="UBND "&C54 -> UBND Phường An Nhơn | E54: Số 234/43 Lê Đức Thọ, phường 6 | F54: Rạch Ông Tổng (ngã ba giao với rạch Ông Tổng và Ông Tổng nhánh 3) | G54: 288 | H54: 6.5
A55: 49 | B55: Rạch Ông Tổng nhánh 2 | C55: Phường An Nhơn | D55: ="UBND "&C55 -> UBND Phường An Nhơn | E55: Cuối hẻm 496/1 Dương Quảng Hàm, phường 6 | F55: Rạch Ông Tổng nhánh 1 | G55: 58 | H55: 3.9
A56: 50 | B56: Rạch Ông Tổng nhánh 3 | C56: Phường An Nhơn | D56: ="UBND "&C56 -> UBND Phường An Nhơn | E56: Số 496/15/20Dương Quảng Hàm, phường 7 | F56: Rạch Ông Tổng (ngã ba giao với rạch Ông Tổng và Ông Tổng nhánh 1) | G56: 180 | H56: 6
A57: 51 | B57: Rạch Làng Lớn | C57: Phường An Nhơn | D57: ="UBND "&C57 -> UBND Phường An Nhơn | E57: Đường Dương Quảng Hàm | F57: Kênh Tham Lương | G57: 360 | H57: 11
A58: 52 | B58: Rạch Cụt | C58: Phường An Nhơn | D58: ="UBND "&C58 -> UBND Phường An Nhơn | E58: Hẻm 110/39 đường số 30, phường 6 | F58: Kênh Tham Lương | G58: 320 | H58: 14
A59: 53 | B59: Nhánh sông Sài Gòn 8 | C59: Phường An Phú Đông | D59: ="UBND "&C59 -> UBND Phường An Phú Đông | E59: Sông Sài Gòn | F59: Sông Sài Gòn | G59: 900 | H59: 15
A60: 54 | B60: Rạch Xí Nghiệp Đay (rạch Tư Mai) | C60: Phường An Phú Đông | D60: ="UBND "&C60 -> UBND Phường An Phú Đông | E60: Đầu tuyến | F60: Sông Sài Gòn | G60: 80 | H60: 3 - 20
A61: 55 | B61: Rạch Năm Vườn Chuối | C61: Phường An Phú Đông | D61: ="UBND "&C61 -> UBND Phường An Phú Đông | E61: Đường Vườn Lài | F61: Sông Đá Hàn | G61: 250 | H61: 4,5-16
A62: 56 | B62: Rạch Ụ Bảy Quán | C62: Phường An Phú Đông | D62: ="UBND "&C62 -> UBND Phường An Phú Đông | E62: Sông Sài Gòn | F62: Đường APĐ03 | G62: 200 | H62: 4,5-6
A63: 57 | B63: Rạch Võ Trung Nhứt | C63: Phường An Phú Đông | D63: ="UBND "&C63 -> UBND Phường An Phú Đông | E63: Sông Sài Gòn | F63: Cuối tuyến (cặp đường Võ Thị Liễu) | G63: 315 | H63: 4-16
A64: 58 | B64: Rạch Ba Cưỡng | C64: Phường An Phú Đông | D64: ="UBND "&C64 -> UBND Phường An Phú Đông | E64: Rạch Gia | F64: Hẻm 105 - Vườn Lài | G64: 140 | H64: 5-9
A65: 59 | B65: Nhánh rạch Bảy Còi | C65: Phường An Phú Đông | D65: ="UBND "&C65 -> UBND Phường An Phú Đông | E65: Rạch Bảy Còi | F65: Đường TL54 | G65: 75 | H65: 4-5
A66: 60 | B66: Nhánh rạch Quản - Võ Tây (đường TL39) | C66: Phường An Phú Đông | D66: ="UBND "&C66 -> UBND Phường An Phú Đông | E66: Cống Năm Hẳn | F66: Cuối tuyến | G66: 150 | H66: 4-6
A67: 61 | B67: Rạch Ba Nhan (nhánh rạch Giao Khẩu) | C67: Phường An Phú Đông | D67: ="UBND "&C67 -> UBND Phường An Phú Đông | E67: Rạch Giao Khẩu | F67: Đầu Ụ (Hà Huy Giáp) | G67: 70 | H67: 3-5
A68: 62 | B68: Nhánh rạch Thợ Bột (rạch chùa Thiên Vân) | C68: Phường An Phú Đông | D68: ="UBND "&C68 -> UBND Phường An Phú Đông | E68: Rạch Thợ Bột | F68: Ụ rạch | G68: 160 | H68: 5-6
A69: 63 | B69: Nhánh rạch Mướp | C69: Phường An Phú Đông | D69: ="UBND "&C69 -> UBND Phường An Phú Đông | E69: Rạch Mướp | F69: Cuối tuyến (hẻm 87 Hà Huy Giáp) | G69: 100 | H69: 4-5
A70: 64 | B70: Rạch Ụ Lò Than | C70: Phường An Phú Đông | D70: ="UBND "&C70 -> UBND Phường An Phú Đông | E70: Sông Sài Gòn | F70: Thửa 98, tờ 3 (Nhà bà Kim Anh) | G70: 100 | H70: 8-10
... A112: 106 | B112: Rạch Tám Quỳnh | C112: Phường An Phú Đông | D112: ="UBND "&C112 -> UBND Phường An Phú Đông | E112: Rạch Tám Quỳnh | F112: Đầu Ụ | G112: 125 | H112: 3
A113: 107 | B113: Rạch Cầu Đồn | C113: Phường Bình Đông | D113: ="UBND "&C113 -> UBND Phường Bình Đông | E113: Bến Đò Đình | F113: Đường Tạ Quang Bửu | G113: 443 | H113: 4.5
A114: 108 | B114: Rạch Lồng Đèn - Bà Đập | C114: Phường Bình Đông | D114: ="UBND "&C114 -> UBND Phường Bình Đông | E114: Đầu tuyến | F114: Ngả ba sông Cần Guộc | G114: 3500
A115: 109 | B115: Sông Bình Lợi | C115: Phường Bình Lợi Trung | D115: ="UBND "&C115 -> UBND Phường Bình Lợi Trung | E115: Ngã 3 Bình Lợi-Bình Triệu | F115: Sông Sài Gòn | G115: 364 | H115: 37.9
A116: 110 | B116: Rạch Lăng Nhánh 1 | C116: Phường Bình Lợi Trung | D116: ="UBND "&C116 -> UBND Phường Bình Lợi Trung | E116: Gần SN 388 Phạm Văn Đồng | F116: Rạch Lăng 1 | G116: 140 | H116: 2.5
A117: 111 | B117: Rạch hẻm 332 Phan Văn Trị | C117: Phường Bình Lợi Trung | D117: ="UBND "&C117 -> UBND Phường Bình Lợi Trung | E117: Rạch Thủ Tắc | F117: Nhà số 332/66 Phan Văn Trị | G117: 35 | H117: 2
A118: 112 | B118: Rạch Băng Ky | C118: Phường Bình Lợi Trung | D118: ="UBND "&C118 -> UBND Phường Bình Lợi Trung | E118: Tiếp giáp cầu Phan Chu Trinh | F118: Rạch Lăng | G118: 66.1 | H118: 10.1
A119: 113 | B119: Rạch trước trường Bình Lợi Trung | C119: Phường Bình Lợi Trung | D119: ="UBND "&C119 -> UBND Phường Bình Lợi Trung | E119: Đường Trục 30 | F119: Hẻm 21 Bình Lợi | G119: 358 | H119: 4.6
A120: 114 | B120: Rạch nhánh rạch Lăng | C120: Phường Bình Lợi Trung | D120: ="UBND "&C120 -> UBND Phường Bình Lợi Trung | E120: Rạch Lăng | F120: Nhà số 247 Nguyễn Xí | G120: 169.5 | H120: 13.02
A121: 115 | B121: Rạch nhánh rạch Lăng (Rạch Lá) | C121: Phường Bình Lợi Trung | D121: ="UBND "&C121 -> UBND Phường Bình Lợi Trung | E121: Rạch Lăng | F121: Hẻm 201/13/1 Nguyễn Xí | G121: 290 | H121: 5.5
A122: 116 | B122: Rạch Sở Nhật | C122: Phường Bình Quới | D122: ="UBND "&C122 -> UBND Phường Bình Quới | E122: Hẻm 439 Bình Quới | F122: Sông Sài Gòn | G122: 453.5 | H122: 7,8 - 14
A123: 117 | B123: Rạch Cầu Cống Đoạn 1 | C123: Phường Bình Quới | D123: ="UBND "&C123 -> UBND Phường Bình Quới | E123: Nhà số 534/8F Bình Quới | F123: Đầu hẻm 558 Bình Quới | G123: 478.7 | H123: 2,3–16,8
A124: 118 | B124: Rạch Cầu Cống Đoạn 2 | C124: Phường Bình Quới | D124: ="UBND "&C124 -> UBND Phường Bình Quới | E124: Đầu hẻm 558 Bình Quới | F124: Cầu Cống | G124: 563.3 | H124: 4,5–19,3
A125: 119 | B125: Rạch Cầu Cống Đoạn 3 | C125: Phường Bình Quới | D125: ="UBND "&C125 -> UBND Phường Bình Quới | E125: Cầu Cống | F125: Sông Sài Gòn | G125: 227.1 | H125: 33,6–42,9
A126: 120 | B126: Rạch Cầu Cống Đoạn 4 | C126: Phường Bình Quới | D126: ="UBND "&C126 -> UBND Phường Bình Quới | E126: 558/10A Bình Quới | F126: 480/31/2/1 Bình Quới | G126: 474.1 | H126: 5,8–12, 5
A127: 121 | B127: Nhánh rạch Cầu Cống Đoạn 4 | C127: Phường Bình Quới | D127: ="UBND "&C127 -> UBND Phường Bình Quới | E127: 480/31/2/1 Bình Quới | F127: 480/31/1 Bình Quới | G127: 327.2 | H127: 5,6–11,5
A128: 122 | B128: Rạch Tổ dân phố 23 Khu phố 2 | C128: Phường Bình Quới | D128: ="UBND "&C128 -> UBND Phường Bình Quới | E128: 558/45 Bình Quới | F128: Sông Sài Gòn | G128: 255.1 | H128: 4,6–19,1
A129: 123 | B129: Rạch Cầu Làng | C129: Phường Bình Quới | D129: ="UBND "&C129 -> UBND Phường Bình Quới | E129: 558/4/12 Bình Quới | F129: Sông Sài Gòn | G129: 506.5 | H129: 2,4–7,7
A130: 124 | B130: Rạch Cống Hai Xanh | C130: Phường Bình Quới | D130: ="UBND "&C130 -> UBND Phường Bình Quới | E130: 558/64C Bình Quới | F130: Sông Sài Gòn | G130: 151.3 | H130: 10,5–13,3
A131: 125 | B131: Rạch Cống Ba Lùn | C131: Phường Bình Quới | D131: ="UBND "&C131 -> UBND Phường Bình Quới | E131: 558/57 Bình Quới | F131: Sông Sài Gòn | G131: 159.5 | H131: 8,1–12,9
A132: 126 | B132: Rạch Cây Bàng | C132: Phường Bình Quới | D132: ="UBND "&C132 -> UBND Phường Bình Quới | E132: 558/66/3/4 Bình Quới | F132: Sông Sài Gòn | G132: 622.6 | H132: 4,3-36
A133: 127 | B133: Nhánh rạch Cây Bàng | C133: Phường Bình Quới | D133: ="UBND "&C133 -> UBND Phường Bình Quới | E133: Thượng nguồn | F133: Rạch Cây Bàng | G133: 74.7 | H133: 5,6–7,6
... A144: 138 | B144: Rạch Ông Ngữ nhánh 6 | C144: Phường Bình Quới | D144: ="UBND "&C144 -> UBND Phường Bình Quới | E144: Cuối hẻm 558/60 Bình Quới | F144: Rạch Ông Ngữ Đoạn 1 | G144: 475.9 | H144: 19-29
A145: 139 | B145: Sông Chùa 1 | C145: Phường Bình Tân | D145: ="UBND "&C145 -> UBND Phường Bình Tân | E145: Kênh Tham Lương-Bến Cát-rạch Nước Lên | F145: Kênh C (cống kiểm soát triều) | G145: 700 | H145: 10
A146: 140 | B146: Rạch Đuôi Trâu | C146: Phường Bình Tân | D146: ="UBND "&C146 -> UBND Phường Bình Tân | E146: Kênh Tham Lương-Bến Cát-rạch Nước Lên | F146: Cuối tuyến (gần giáp ranh Bình Trị Đông A) | G146: 1100 | H146: 4-10
A147: 141 | B147: Kênh Nội Đồng | C147: Phường Bình Tân | D147: ="UBND "&C147 -> UBND Phường Bình Tân | E147: Kênh C | F147: Võ Văn Vân | G147: 610 | H147: 5-10
A148: 142 | B148: Rạch Bà Láng Nhánh 1 | C148: Phường Bình Thạnh | D148: ="UBND "&C148 -> UBND Phường Bình Thạnh | E148: Đầu tuyến | F148: Rạch Bà Láng | G148: 143 | H148: 2.3
A149: 143 | B149: Rạch hẻm 290 Nơ Trang Long | C149: Phường Bình Thạnh | D149: ="UBND "&C149 -> UBND Phường Bình Thạnh | E149: Nhà số 290/288 Nơ Trang Long | F149: Nhà số 290/246E Nơ Trang Long | G149: 31 | H149: 3.5
A150: 144 | B150: Rạch nhánh Sông Bình Triệu | C150: Phường Bình Thạnh | D150: ="UBND "&C150 -> UBND Phường Bình Thạnh | E150: Sông Bình Triệu | F150: Chung cư A9 – Dự án Bắc Đinh Bộ Lĩnh | G150: 94 | H150: 16
A151: 145 | B151: Rạch Đầm Sen | C151: Phường Bình Thới | D151: ="UBND "&C151 -> UBND Phường Bình Thới | E151: Chùa Giác Viên | F151: Ngã 3 kênh Tân Hóa - rạch Đầm Sen | G151: 713 | H151: 5.9
A152: 146 | B152: Kênh Liên Xã | C152: Phường Bình Trị Đông | D152: ="UBND "&C152 -> UBND Phường Bình Trị Đông | E152: Hẻm 295 đường Tân Hòa Đông | F152: Đường Mã Lò | G152: 1930 | H152: 3-6
A153: 147 | B153: Kênh Liên Ấp (nhánh Ông Búp) | C153: Phường Bình Trị Đông | D153: ="UBND "&C153 -> UBND Phường Bình Trị Đông | E153: Nhánh 3 rạch Ông Búp (cuối hẻm 242 đường Lê Đình Cẩn) | F153: Quốc lô 1A (gần nút giao Tân Tạo) | G153: 910 | H153: 2-10
A154: 148 | B154: Mương thoát nước Liên Khu 3-4-10-11-12 | C154: Phường Bình Trị Đông | D154: ="UBND "&C154 -> UBND Phường Bình Trị Đông | E154: Hẻm 105 Phan Anh | F154: Hẻm 137/107 Phan Anh | G154: 200 | H154: 0,8-4
A155: 149 | B155: Nhánh Rạch Bà Cua 3 | C155: Phường Bình Trưng | D155: ="UBND "&C155 -> UBND Phường Bình Trưng | E155: Rạch Bà Cua | F155: Cuối tuyến | G155: 1800 | H155: 15
A156: 150 | B156: Nhánh Rạch Bà Cua 8 (Rạch Cầu Đập) | C156: Phường Bình Trưng | D156: ="UBND "&C156 -> UBND Phường Bình Trưng | E156: Rạch Bà Cua | F156: Cuối tuyến | G156: 1300 | H156: 18
A157: 151 | B157: Rạch Bà Đạt | C157: Phường Bình Trưng | D157: ="UBND "&C157 -> UBND Phường Bình Trưng | E157: Sông Giồng Ông Tố | F157: Rạch Đồng Trong | G157: 1700 | H157: 40
A158: 152 | B158: Rạch Mương Kinh | C158: Phường Bình Trưng | D158: ="UBND "&C158 -> UBND Phường Bình Trưng | E158: Sông Giồng Ông Tố | F158: Rạch Đồng Ngoài | G158: 1800 | H158: 20
A159: 153 | B159: Rạch Đồng Ngoài | C159: Phường Bình Trưng | D159: ="UBND "&C159 -> UBND Phường Bình Trưng | E159: Sông Giồng Ông Tố | F159: Ngã 3 rạch Đồng Trong | G159: 2000 | H159: 20
A160: 154 | B160: Nhánh Rạch Chiếc 3 (Sông Ba Đụt) | C160: Phường Bình Trưng | D160: ="UBND "&C160 -> UBND Phường Bình Trưng | E160: Rạch Chiếc | F160: Rạch Giồng Ông Tố | G160: 1000 | H160: 15
A161: 155 | B161: Nhánh Rạch Chiếc 4 | C161: Phường Bình Trưng | D161: ="UBND "&C161 -> UBND Phường Bình Trưng | E161: Rạch Chiếc | F161: Cuối tuyến | G161: 1000 | H161: 15
A162: 156 | B162: Nhánh Rạch Chiếc 6 | C162: Phường Bình Trưng | D162: ="UBND "&C162 -> UBND Phường Bình Trưng | E162: Rạch Chiếc | F162: Cuối tuyến | G162: 900 | H162: 15
A163: 157 | B163: Nhánh Rạch Chiếc 7 | C163: Phường Bình Trưng | D163: ="UBND "&C163 -> UBND Phường Bình Trưng | E163: Rạch Chiếc | F163: Cuối tuyến | G163: 1200 | H163: 15
... A175: 169 | B175: Rạch Hố Đen | C175: Phường Chánh Hưng | D175: ="UBND "&C175 -> UBND Phường Chánh Hưng | E175: Rạch Ông Nhỏ | F175: Đường Cao Lỗ | G175: 858 | H175: 2-3
A176: 170 | B176: Kênh Ụ Cây | C176: Phường Chánh Hưng | D176: ="UBND "&C176 -> UBND Phường Chánh Hưng | E176: Kênh Đôi | F176: Kênh Tàu Hủ | G176: 775 | H176: 11.6
A177: 171 | B177: Rạch Ông Lớn nhánh 5 | C177: Phường Chánh Hưng | D177: ="UBND "&C177 -> UBND Phường Chánh Hưng | E177: Khu dân cư đường Tạ Quang Bửu | F177: Ông Lớn nhánh 1 | G177: 231 | H177: 4.1
A178: 172 | B178: Rạch Ông Nhỏ nhánh 3 | C178: Phường Chánh Hưng | D178: ="UBND "&C178 -> UBND Phường Chánh Hưng | E178: Ranh Bình Chánh - Quận 8 | F178: Rạch Ông Nhỏ | G178: 320 | H178: 6.5
A179: 173 | B179: Rạch Ông Nhỏ nhánh 4 | C179: Phường Chánh Hưng | D179: ="UBND "&C179 -> UBND Phường Chánh Hưng | E179: Thượng nguồn khu dân cư | F179: Rạch Ông Nhỏ | G179: 292 | H179: 5.8
A180: 174 | B180: Rạch Ông Nhỏ nhánh 5 | C180: Phường Chánh Hưng | D180: ="UBND "&C180 -> UBND Phường Chánh Hưng | E180: Thượng nguồn khu dân cư (đường mới) | F180: Rạch Ông Nhỏ | G180: 163 | H180: 8.3
A181: 175 | B181: Rạch Du | C181: Phường Chánh Hưng | D181: ="UBND "&C181 -> UBND Phường Chánh Hưng | E181: Kênh Đôi | F181: Khu dân cư Xí nghiệp may Quận 8 | G181: 1240 | H181: 11
...

Sheet PL6. Phuong xa-Ho dap phan
A1: PHỤ LỤC 6 DANH MỤC CÁC HỒ, ĐẬP CÓ CHỨC NĂNG TƯỚI TIÊU PHỤC VỤ SẢN XUẤT NÔNG NGHIỆP, CẤP NƯỚC SINH HOẠT THUỘC THẨM QUYỀN QUẢN LÝ CỦA ỦY BAN NHÂN DÂN THÀNH PHỐ HỒ CHÍ MINH PHÂN CẤP CHO ỦY BAN NHÂN DÂN CÁC PHƯỜNG, XÃ QUẢN LÝ, KHAI THÁC (Kèm theo Quyết định số 39/QĐ-UBND ngày 25 tháng 6 năm 2026 của Ủy ban nhân dân Thành phố Hồ Chí Minh)
A2: STT | B2: Tên hồ, đập | C2: Địa điểm (phường, xã, đặc khu) | D2: Đơn vị được phân cấp quản lý | E2: Quy mô thiết kế | K2: Ghi chú
E3: Dung tích toàn bộ (triệu m3) | F3: Chiều cao đập chính (m) | G3: Chiều dài đập chính (m) | H3: Chiều rộng đập chính (m) | I3: Lưu lượng xả tràn, xã lũ (m3/s) | J3: Loại công trình
A4: A | B4: Hồ
A5: 1 | B5: Hồ Nhà Bè | C5: Phường Tân Thành | D5: Ủy ban nhân dân phường Tân Thành | E5: 0.21 | J5: Hồ nhỏ
A6: 2 | B6: Hồ Suối Đá | C6: Xã Châu Pha | D6: Ủy ban nhân dân xã Châu Pha | E6: 0.78 | F6: 6 | G6: 400 | J6: Hồ vừa
A7: 3 | B7: Hồ Hải Sơn | C7: Phường Tân Phước | D7: Ủy ban nhân dân phường Tân Phước | E7: 0.03
A8: 4 | B8: Hồ Sạn (cạnh Depot Long Bình) | C8: Phường Long Bình | D8: Ủy ban nhân dân phường Long Bình
A9: 5 | B9: Hồ Điều Hòa (KP. Hòa Phú 3) | C9: Phường Bình Dương | D9: UBND Phường Bình Dương
A10: 6 | B10: Hồ Điều Tiết (KP. Phú Tân 3) | C10: Phường Bình Dương | D10: UBND Phường Bình Dương
A11: 7 | B11: Hồ Bàu Úc | C11: Phường Tam Long | D11: Ủy ban nhân dân phường Tam Long | E11: 0.84 | F11: 14 | G11: 594 | J11: Hồ lớn
A12: 8 | B12: Hồ Sở Bông | C12: Xã Phước Hải | D12: Ủy ban nhân dân xã Phước Hải | E12: 0.82 | F12: 6.76 | G12: 1350 | H12: 18.3 | J12: Hồ vừa
A13: 9 | B13: Hồ Bút Thiền | C13: Xã Phước Hải | D13: Ủy ban nhân dân xã Phước Hải | E13: 2.4 | F13: 8.5 | G13: 1850 | H13: 23 | J13: Hồ vừa
A14: 10 | B14: Đập giữ nước khu vực núi Minh Đạm | C14: Xã Phước Hải | D14: Ủy ban nhân dân xã Phước Hải | E14: 0.023 | G14: 8.5
A15: B | B15: Đập
A16: 1 | B16: Đập dâng suối Cầu 4 | C16: Xã Hòa Hiệp | D16: Ủy ban nhân dân xã Hòa Hiệp
A17: 2 | B17: Đập dâng suối Cầu 5 | C17: Xã Hòa Hiệp | D17: Ủy ban nhân dân xã Hòa Hiệp
A18: 3 | B18: Đập dâng suối Cầu 6 | C18: Xã Hòa Hiệp | D18: Ủy ban nhân dân xã Hòa Hiệp
A19: 4 | B19: Đập dâng suối Bang | C19: Xã Hòa Hiệp | D19: Ủy ban nhân dân xã Hòa Hiệp
A20: 5 | B20: Đập dâng suối Xa ác 1 | C20: Xã Bàu Lâm | D20: Ủy ban nhân dân xã Bàu Lâm | F20: 2 | G20: 2 | H20: 2
A21: 6 | B21: Đập dâng suối Xa ác 2 | C21: Xã Bàu Lâm | D21: Ủy ban nhân dân xã Bàu Lâm | F21: 2 | G21: 2 | H21: 2
A22: 7 | B22: Đập dâng suối Xa ác 3 | C22: Xã Bàu Lâm | D22: Ủy ban nhân dân xã Bàu Lâm | F22: 2 | G22: 2 | H22: 2
A23: 8 | B23: Đập dâng suối Xa ác 4 | C23: Xã Bàu Lâm | D23: Ủy ban nhân dân xã Bàu Lâm | F23: 2 | G23: 2 | H23: 2
A24: 9 | B24: Đập dâng suối Xa ác 5 | C24: Xã Bàu Lâm | D24: Ủy ban nhân dân xã Bàu Lâm | F24: 2 | G24: 2 | H24: 2
A25: 10 | B25: Đập dâng trên Kênh T1 (vi trí T1-3) | C25: Xã Bàu Lâm | D25: Ủy ban nhân dân xã Bàu Lâm | F25: 1.5 | G25: 5-10 | H25: 5-10
A26: 11 | B26: Đập dâng trên Kênh T1 (vi trí T1-4) | C26: Xã Bàu Lâm | D26: Ủy ban nhân dân xã Bàu Lâm | F26: 1.5 | G26: 5-10 | H26: 5-10
A27: 12 | B27: Đập dâng Tân Trung | C27: Xã Châu Pha | D27: Ủy ban nhân dân xã Châu Pha | F27: 2.5
A28: 13 | B28: Đập dâng Tân Long | C28: Xã Châu Pha | D28: Ủy ban nhân dân xã Châu Pha | F28: 2.5
A29: 14 | B29: Đập dâng Tân Lễ A | C29: Xã Châu Pha | D29: Ủy ban nhân dân xã Châu Pha | F29: 2.5
A30: 15 | B30: Đập dâng Tân Lễ B | C30: Xã Châu Pha | D30: Ủy ban nhân dân xã Châu Pha | F30: 2.5
A31: 16 | B31: Đập dâng suối Đá 1 | C31: Xã Bình Châu | D31: Ủy ban nhân dân xã Bình Châu | F31: 12 | G31: 2,5 | H31: 3
A32: 17 | B32: Đập dâng suối Đá 2 | C32: Xã Bình Châu | D32: Ủy ban nhân dân xã Bình Châu | F32: 12 | G32: 2,5 | H32: 3
A33: 18 | B33: Đập 6 cửa | C33: Phường Tân Hải | D33: Ủy ban nhân dân phường Tân Hải
A34: 19 | B34: Đập Ông Tĩnh | C34: Phường Tân Hải | D34: Ủy ban nhân dân phường Tân Hải
A35: 20 | B35: Đập Tây Phương | C35: Phường Tân Hải | D35: Ủy ban nhân dân phường Tân Hải
A36: 21 | B36: Đập Rạch Chanh 1 | C36: Phường Tân Hải | D36: Ủy ban nhân dân phường Tân Hải
A37: 22 | B37: Đập Rạch Chanh 2 | C37: Phường Tân Hải | D37: Ủy ban nhân dân phường Tân Hải
A38: 23 | B38: Đập Giao Kèo | C38: Xã Châu Pha | D38: Ủy ban nhân dân xã Châu Pha
A39: 24 | B39: Đập Tầm Phục | C39: Xã Châu Pha | D39: Ủy ban nhân dân xã Châu Pha
A40: 25 | B40: Đập Mù U | C40: Xã Châu Pha | D40: Ủy ban nhân dân xã Châu Pha
A41: 26 | B41: Đập Suối Lội | C41: Xã Châu Pha | D41: Ủy ban nhân dân xã Châu Pha
A42: 27 | B42: Đập Tập Đoàn 4 | C42: Phường Tân Thành | D42: Ủy ban nhân dân phường Tân Thành
A43: 28 | B43: Đập Gia Hốp 1 | C43: Xã Châu Đức | D43: Ủy ban nhân dân xã Châu Đức
A44: 29 | B44: Đập H21 | C44: Xã Châu Đức | D44: Ủy ban nhân dân xã Châu Đức
... A52: 37 | B52: Đập Cua Pari | C52: Phường Chánh Phú Hòa | D52: UBND phường Chánh Phú Hòa
A53: 38 | B53: Đập 26/3 (Đập Cây Chay) | C53: Khu phố An Phước, phường Bến Cát | D53: UBND phường Bến Cát | E53: 0.246 | F53: 3 | G53: 315 | H53: 260.32 | I53: 0.9

Sheet PL7. BQL VQG Con Dao
A1: PHỤ LỤC 7 DANH MỤC CÁC TUYẾN SÔNG, SUỐI, KÊNH, RẠCH, HỒ, ĐẬP CÓ CHỨC NĂNG TIÊU THOÁT NƯỚC CHO KHU DÂN CƯ, KHU ĐÔ THỊ, KHU CÔNG NGHIỆP VÀ TƯỚI TIÊU PHỤC VỤ SẢN XUẤT NÔNG NGHIỆP THUỘC THẨM QUYỀN QUẢN LÝ CỦA ỦY BAN NHÂN DÂN THÀNH PHỐ HỒ CHÍ MINH PHÂN CẤP CHO ỦY BAN NHÂN DÂN ĐẶC KHU CÔN ĐẢO QUẢN LÝ, KHAI THÁC (Kèm theo Quyết định số 39/QĐ-UBND ngày 25 tháng 6 năm 2026 của Ủy ban nhân dân Thành phố Hồ Chí Minh)
A2: STT | B2: Tên sông, kênh, rạch, hồ, đập | C2: Địa điểm | D2: Lý trình | F2: Quy mô
D3: Điểm đầu (tọa độ X;Y) | E3: Điểm cuối (tọa độ X;Y) | F3: Dài (m) | G3: Rộng (m) | H3: Ghi chú
A4: I. Danh mục các tuyến sông, kênh, rạch: Tổng cộng 06 tuyến, tổng chiều dài L= 35.000 m
A5: 1 | B5: Suối Bà Hạp | C5: Đặc khu Côn Đảo | D5: Núi Thánh giá (373614.19; 963061.60) | E5: Hồ An Hải (373177.98; 959627.23) | F5: 7900
A6: 2 | B6: Suối Lò Vôi | C6: Đặc khu Côn Đảo | D6: Núi Chúa (375127.33; 963471.82) | E6: Bãi biển Lò vôi (375822.37; 961403.87) | F6: 8300
A7: 3 | B7: Suối Đất Dốc | C7: Đặc khu Côn Đảo | D7: Núi Chúa (375453.67; 963476.53) | E7: Bãi biển Sixsens (376909.46; 962311.22) | F7: 4200
A8: 4 | B8: Suối Ớt | C8: Đặc khu Côn Đảo | D8: Núi Chúa (375946.77; 963638.33) | E8: Bãi Vong (377432.68; 963654.51) | F8: 5200
A9: 5 | B9: Suối Cỏ Ống | C9: Đặc khu Côn Đảo | D9: (678940.09; 963623.12) | E9: (679010.39; 965483.09) | F9: 3900
A10: 6 | B10: Suối Đầm Trầu | C10: Đặc khu Côn Đảo | D10: Núi Chúa (375113.95; 963590.99) | E10: Bãi Đầm Trầu (375387.26; 965476.21) | F10: 5500
A11: II. Danh mục hồ, đập: Tổng cộng 06 hồ | D11: Dung tích toàn bộ (triệu m3) | E11: Chiều dài đập chính/kè bảo vệ (m) | F11: Chiều cao đập chính (m) | G11: Phân loại hồ
A12: 1 | B12: Hồ Đất Dốc | C12: Đặc khu Côn Đảo | D12: 0.17 | E12: 288.25 | F12: 19.7 | G12: Lớn
A13: 2 | B13: Hồ Lò Vôi | C13: Đặc khu Côn Đảo | D13: 0.053 | E13: 1198.84 | G13: Nhỏ
A14: 3 | B14: Hồ Suối Ớt | C14: Đặc khu Côn Đảo | D14: 0.0667 | E14: 114.6 | F14: 9.7
A15: 4 | B15: Hồ An Hải | C15: Đặc khu Côn Đảo | D15: 0.54 | E15: 2726.5 | G15: Vừa
A16: 5 | B16: Hồ Quang Trung I | C16: Đặc khu Côn Đảo | D16: 0.518 | E16: 2222.82
A17: 6 | B17: Hồ Quang Trung II | C17: Đặc khu Côn Đảo | D17: 0.645 | E17: 1737.05 | F17: 6.69

Sheet Tuoi tieu nong nghiep
C1: Phụ lục 3: Danh mục các tuyến kênh, rạch có chức năng tưới tiêu phục vụ sản xuất nông nghiệp, nuôi trồng thủy sản, phát triển rừng và sản xuất muối trên địa bàn Thành phố
C3: (Kèm theo Quyết định số 28/2016/QĐ-UBND ngày 12 tháng 8 năm 2016 của Ủy ban nhân dân Thành phố)
C5: STT | D5: Tên kênh, rạch | E5: Quản lý ngành | F5: Quản lý trực tiếp | G5: Chiều dài (m) | H5: Lý trình | J5: Ghi chú
H6: Điểm đầu | I6: Điểm cuối
C7: Tổng cộng: 1.992 tuyến, tổng chiều dài 2.299.133m | G7: =SUM(G8:G1999) -> 2300403
A8: =A9++A1241+A1291+A1399+A1498+A1824+A1858+A1999 -> 1992 | B8: =SUM(B9:B1999) -> 2300403 | C8: 1 | D8: Kênh C | E8: Sở Nông nghiệp và Phát triển nông thôn | F8: Công ty TNHH MTV QLKTDV Thủy lợi TP | G8: 2500 | H8: Cầu Tân Tạo | I8: Sông Phướng
A9: 1226 | B9: =SUM(G8:G1233) -> 1234244 | C9: 2 | D9: Kênh số 1 (Kênh C3) | E9: Sở Nông nghiệp và Phát triển nông thôn | F9: Công ty TNHH MTV QLKTDV Thủy lợi TP | G9: 1500 | H9: Kênh C | I9: Cuối tuyến
C10: =C9+1 -> 3 | D10: Kênh số 2 (Kênh C5) | E10: Sở Nông nghiệp và Phát triển nông thôn | F10: Công ty TNHH MTV QLKTDV Thủy lợi TP | G10: 2220 | H10: Kênh C | I10: Sông Đập
C11: =C10+1 -> 4 | D11: Kênh số 3 (Kênh C7) | E11: Sở Nông nghiệp và Phát triển nông thôn | F11: Công ty TNHH MTV QLKTDV Thủy lợi TP | G11: 2530 | H11: Kênh C | I11: Đường Nguyễn Cửu Phú
C12: =C11+1 -> 5 | D12: Kênh số 4 (Kênh C9) | E12: Sở Nông nghiệp và Phát triển nông thôn | F12: Công ty TNHH MTV QLKTDV Thủy lợi TP | G12: 2580 | H12: Kênh C | I12: Đường Nguyễn Cửu Phú
C13: =C12+1 -> 6 | D13: Kênh số 5 (Kênh C11) | E13: Sở Nông nghiệp và Phát triển nông thôn | F13: Công ty TNHH MTV QLKTDV Thủy lợi TP | G13: 2470 | H13: Kênh C | I13: Đường Nguyễn Cửu Phú
C14: =C13+1 -> 7 | D14: Nhánh kênh số 3 | E14: Sở Nông nghiệp và Phát triển nông thôn | F14: Công ty TNHH MTV QLKTDV Thủy lợi TP | G14: 300 | H14: Sông Đập | I14: Nguyễn Cữu Phú
C15: =C14+1 -> 8 | D15: Nhánh kênh số 4 | E15: Sở Nông nghiệp và Phát triển nông thôn | F15: Công ty TNHH MTV QLKTDV Thủy lợi TP | G15: 400 | H15: Sông Đập | I15: Nguyễn Cữu Phú
C16: =C15+1 -> 9 | D16: Nhánh kênh số 5 | E16: Sở Nông nghiệp và Phát triển nông thôn | F16: Công ty TNHH MTV QLKTDV Thủy lợi TP | G16: 400 | H16: Sông Đập | I16: Nguyễn Cữu Phú
C17: =C16+1 -> 10 | D17: Suối Nhum | E17: Sở Nông nghiệp và Phát triển nông thôn | F17: Công ty TNHH MTV QLKTDV Thủy lợi TP | G17: 6260 | H17: Ngã ba sông Xuân Trường | I17: Xa lộ Hà Nội
C18: =C17+1 -> 11 | D18: Suối Cái | E18: Sở Nông nghiệp và Phát triển nông thôn | F18: Công ty TNHH MTV QLKTDV Thủy lợi TP | G18: 3500 | H18: Xa lộ Hà Nội | I18: Cuối tuyến
C19: =C18+1 -> 12 | D19: Kênh Liên Vùng (kênh AH-KC) | E19: Sở Nông nghiệp và Phát triển nông thôn | F19: Công ty TNHH MTV QLKTDV Thủy lợi TP | G19: 700 | H19: Kênh C | I19: Đường Võ Văn Vân (ranh Bình Chánh-Bình Tân)
C20: =C19+1 -> 13 | D20: Kênh tiêu T46 | E20: Sở Nông nghiệp và Phát triển nông thôn | F20: Công ty TNHH MTV QLKTDV Thủy lợi TP | G20: 2070 | H20: Quốc Lộ 22 | I20: Kênh N43
C21: =C20+1 -> 14 | D21: Kênh tiêu TCC 1-2 | E21: Sở Nông nghiệp và Phát triển nông thôn | F21: Công ty TNHH MTV QLKTDV Thủy lợi TP | G21: 8238 | H21: Kênh Đông | I21: Cuối tuyến
... C1203: =C1202+1 -> 1196 | D1203: Rạch Dứa - rạch Rữa | E1203: Sở Nông nghiệp và Phát triển nông thôn | F1203: Công ty TNHH MTV QLKTDV Thủy lợi TP | G1203: 7000 | H1203: Sông Sài Gòn | I1203: Dỏng Dài
A1204: 1 | C1204: =C1203+1 -> 1197 | D1204: Rạch Bà Mễn | E1204: Sở Nông nghiệp và Phát triển nông thôn | F1204: Công ty TNHH MTV QLKTDV Thủy lợi TP | G1204: 1650 | H1204: Sông Rạch Tra | I1204: Cầu Bà Mễn
A1205: 2 | C1205: =C1204+1 -> 1198 | D1205: Rạch Ông Bắc | E1205: Sở Nông nghiệp và Phát triển nông thôn | F1205: Công ty TNHH MTV QLKTDV Thủy lợi TP | G1205: 1254 | H1205: Rạch Đá Hàn | I1205: Cuối tuyến
A1206: 3 | C1206: =C1205+1 -> 1199 | D1206: Rạch Rõng Gan | E1206: Sở Nông nghiệp và Phát triển nông thôn | F1206: Công ty TNHH MTV QLKTDV Thủy lợi TP | G1206: 1205 | H1206: Rạch Đá Hàn | I1206: Cuối tuyến
A1207: 5 | C1207: =C1206+1 -> 1200 | D1207: Rạch Đường Đò | E1207: Sở Nông nghiệp và Phát triển nông thôn | F1207: Công ty TNHH MTV QLKTDV Thủy lợi TP | G1207: 3515 | H1207: Cầu Đổ văn Dậy | I1207: Kênh T6
A1208: 6 | C1208: =C1207+1 -> 1201 | D1208: Rõng Dương Da (Đường Đò) | E1208: Sở Nông nghiệp và Phát triển nông thôn | F1208: Công ty TNHH MTV QLKTDV Thủy lợi TP | G1208: 6000 | H1208: Cầu Xáng | I1208: Ngã tư rạch Rõng Trâu
A1209: 7 | C1209: =C1208+1 -> 1202 | D1209: Rạch Bà Phước | E1209: Sở Nông nghiệp và Phát triển nông thôn | F1209: Công ty TNHH MTV QLKTDV Thủy lợi TP | G1209: 2100 | H1209: Đường đất | I1209: Sông Sài Gòn
C1210: =C1209+1 -> 1203 | D1210: Rạch Bà Hồng 20 | E1210: Sở Nông nghiệp và Phát triển nông thôn | F1210: Công ty TNHH MTV QLKTDV Thủy lợi TP | G1210: 400 | H1210: Rạch Bà Mễn | I1210: Rạch Bà Hồng
C1211: =C1210+1 -> 1204 | D1211: Rạch Bà Hồng | E1211: Sở Nông nghiệp và Phát triển nông thôn | F1211: Công ty TNHH MTV QLKTDV Thủy lợi TP | G1211: 3646 | H1211: sông Sài Gòn | I1211: Rạch Bến Đá
C1212: =C1211+1 -> 1205 | D1212: Rạch Đá Hàn - rạch Dứa | E1212: Sở Nông nghiệp và Phát triển nông thôn | F1212: Công ty TNHH MTV QLKTDV Thủy lợi TP | G1212: 10124 | H1212: Rạch Tra | I1212: Sông Sài Gòn
C1213: =C1212+1 -> 1206 | D1213: Rạch Bà Bếp | E1213: Sở Nông nghiệp và Phát triển nông thôn | F1213: Công ty TNHH MTV QLKTDV Thủy lợi TP | G1213: 3348 | H1213: Sông Sài Gòn | I1213: Ngã tư chòm sấu
C1214: =C1213+1 -> 1207 | D1214: Rạch Cây Xanh | E1214: Sở Nông nghiệp và Phát triển nông thôn | F1214: Công ty TNHH MTV QLKTDV Thủy lợi TP | G1214: 3800 | H1214: Sông Rạch Tra | I1214: Ngã tư chòm sấu
C1215: =C1214+1 -> 1208 | D1215: Rạch Đá Hàn | E1215: Sở Nông nghiệp và Phát triển nông thôn | F1215: Công ty TNHH MTV QLKTDV Thủy lợi TP | G1215: 4500 | H1215: Sông Rạch Tra | I1215: Ngã tư chòm sấu
C1216: =C1215+1 -> 1209 | D1216: Rạch Rỏng Gan | E1216: Sở Nông nghiệp và Phát triển nông thôn | F1216: Công ty TNHH MTV QLKTDV Thủy lợi TP | G1216: 250 | H1216: Sông Đá Hàn | I1216: Đường Võ Văn Bích
C1217: =C1216+1 -> 1210 | D1217: Kênh T1 | E1217: Sở Nông nghiệp và Phát triển nông thôn | F1217: Công ty TNHH MTV QLKTDV Thủy lợi TP | G1217: 695 | H1217: Rạch Đường Xuồng | I1217: Đỗ văn Dậy
C1218: =C1217+1 -> 1211 | D1218: Kênh T2 | E1218: Sở Nông nghiệp và Phát triển nông thôn | F1218: Công ty TNHH MTV QLKTDV Thủy lợi TP | G1218: 700 | H1218: Rạch Đường Xuồng | I1218: Đỗ văn Dậy
C1219: =C1218+1 -> 1212 | D1219: Kênh T3 | E1219: Sở Nông nghiệp và Phát triển nông thôn | F1219: Công ty TNHH MTV QLKTDV Thủy lợi TP | G1219: 799 | H1219: Rạch Đường Xuồng | I1219: Kênh Địa Phận
C1220: =C1219+1 -> 1213 | D1220: Kênh T4 | E1220: Sở Nông nghiệp và Phát triển nông thôn | F1220: Công ty TNHH MTV QLKTDV Thủy lợi TP | G1220: 702 | H1220: Rạch Đường Xuồng | I1220: Kênh Địa Phận
C1221: =C1220+1 -> 1214 | D1221: Kênh T5 | E1221: Sở Nông nghiệp và Phát triển nông thôn | F1221: Công ty TNHH MTV QLKTDV Thủy lợi TP | G1221: 660 | H1221: Rạch Đường Xuồng | I1221: Kênh Địa Phận
... C1233: =C1232+1 -> 1226 | D1233: Rạch Cầu Đen | E1233: Sở Nông nghiệp và Phát triển nông thôn | F1233: Công ty TNHH MTV QLKTDV Thủy lợi TP | G1233: 1800 | H1233: Tỉnh Lộ 15 | I1233: Sông Sài Gòn
A1234: 1 | C1234: =C1233+1 -> 1227 | D1234: Rạch Bến Đò | E1234: Sở Nông nghiệp và Phát triển nông thôn | F1234: Quận 9 | G1234: 1255 | H1234: Nguyễn Xiển | I1234: Sông Đồng Nai
A1235: 2 | C1235: =C1234+1 -> 1228 | D1235: Rạch Đường Mương | E1235: Sở Nông nghiệp và Phát triển nông thôn | F1235: Quận 9 | G1235: 1367 | H1235: Rạch Giây Giếng | I1235: Sông Tắc
A1236: 3 | C1236: =C1235+1 -> 1229 | D1236: Rạch Cái nhánh | E1236: Sở Nông nghiệp và Phát triển nông thôn | F1236: Quận 9 | G1236: 497 | H1236: Đường Lương Cát | I1236: Cuối tuyến
A1237: 4 | C1237: =C1236+1 -> 1230 | D1237: Rạch Bà Cầu | E1237: Sở Nông nghiệp và Phát triển nông thôn | F1237: Quận 9 | G1237: 610 | H1237: Đường Lương Cát | I1237: Rạch Giáng
A1238: 5 | C1238: =C1237+1 -> 1231 | D1238: Rạch Bà Pha | E1238: Sở Nông nghiệp và Phát triển nông thôn | F1238: Quận 9 | G1238: 410 | H1238: Đê bao | I1238: Rạch Giáng
A1239: 6 | C1239: =C1238+1 -> 1232 | D1239: Rạch Bà Trưởng | E1239: Sở Nông nghiệp và Phát triển nông thôn | F1239: Quận 9 | G1239: 1250 | H1239: Đường Long Phước | I1239: Sông Đồng Nai
A1240: 7 | C1240: =C1239+1 -> 1233 | D1240: Rạch Cái Gia | E1240: Sở Nông nghiệp và Phát triển nông thôn | F1240: Quận 9 | G1240: 577 | H1240: Đường Long Thuận | I1240: Rạch Sỏi
A1241: 8 | B1241: =SUM(G1234:G1241) -> 6236 | C1241: =C1240+1 -> 1234 | D1241: Rạch So | E1241: Sở Nông nghiệp và Phát triển nông thôn | F1241: Quận 9 | G1241: 270 | H1241: Đường Long Thuận | I1241: Sông Cây Cấm
A1242: 1 | C1242: =C1241+1 -> 1235 | D1242: Rạch Sáu Đêm | E1242: Sở Nông nghiệp và Phát triển nông thôn | F1242: Quận 12 | G1242: 193.1 | H1242: Đầu tuyến | I1242: Rạch Rỗng Gòn
A1243: 2 | C1243: =C1242+1 -> 1236 | D1243: Rạch Hai Ức - Tư Bếp | E1243: Sở Nông nghiệp và Phát triển nông thôn | F1243: Quận 12 | G1243: 352 | H1243: Đầu tuyến | I1243: Rạch Rỗng Gòn
A1244: 3 | C1244: =C1243+1 -> 1237 | D1244: Rạch Cầu Số 4 | E1244: Sở Nông nghiệp và Phát triển nông thôn | F1244: Quận 12 | G1244: 643.2 | H1244: Rạch Miễu | I1244: Sông Ông Đụng
A1245: 4 | C1245: =C1244+1 -> 1238 | D1245: Rạch Cầu Số 3 | E1245: Sở Nông nghiệp và Phát triển nông thôn | F1245: Quận 12 | G1245: 811.1 | H1245: Rạch Miễu | I1245: Sông Ông Đụng
A1246: 5 | C1246: =C1245+1 -> 1239 | D1246: Rạch Cầu Số 2 | E1246: Sở Nông nghiệp và Phát triển nông thôn | F1246: Quận 12 | G1246: 1039.5 | H1246: Sông Cầu Võng | I1246: Sông Ông Đụng
A1247: 6 | C1247: =C1246+1 -> 1240 | D1247: Rạch Cầu Số 1 | E1247: Sở Nông nghiệp và Phát triển nông thôn | F1247: Quận 12 | G1247: 562.8 | H1247: Đầu tuyến | I1247: Sông Cầu Võng
A1248: 7 | C1248: =C1247+1 -> 1241 | D1248: Rạch Ông Dầm | E1248: Sở Nông nghiệp và Phát triển nông thôn | F1248: Quận 12 | G1248: 398.3 | H1248: Rạch Ông Đụng | I1248: Rạch Trùm Bích
A1249: 8 | C1249: =C1248+1 -> 1242 | D1249: Rạch Bà The | E1249: Sở Nông nghiệp và Phát triển nông thôn | F1249: Quận 12 | G1249: 1918 | H1249: Rạch Ba Vinh | I1249: Rạch Giao Khẩu
A1250: 9 | C1250: =C1249+1 -> 1243 | D1250: Rạch Hai Long | E1250: Sở Nông nghiệp và Phát triển nông thôn | F1250: Quận 12 | G1250: 324.6 | H1250: Rạch Cầu Móng | I1250: Đường TX14
A1251: 10 | C1251: =C1250+1 -> 1244 | D1251: Rạch Thống Nhất | E1251: Sở Nông nghiệp và Phát triển nông thôn | F1251: Quận 12 | G1251: 571.5 | H1251: Quốc lộ 1 | I1251: Sông Đá Hàn
A1252: 11 | C1252: =C1251+1 -> 1245 | D1252: Rạch Tám Trung | E1252: Sở Nông nghiệp và Phát triển nông thôn | F1252: Quận 12 | G1252: 822 | H1252: Cầu Ba Sóc | I1252: Rạch Bà The
A1253: 12 | C1253: =C1252+1 -> 1246 | D1253: Rạch Tư Nhiều | E1253: Sở Nông nghiệp và Phát triển nông thôn | F1253: Quận 12 | G1253: 213.1 | H1253: Đầu tuyến | I1253: Sông Sài Gòn
... A1290: 49 | C1290: =C1289+1 -> 1283 | D1290: Rạch Cống Bảy Cá | E1290: Sở Nông nghiệp và Phát triển nông thôn | F1290: Quận 12 | G1290: 497 | H1290: Đầu tuyến | I1290: Sông Vàm Thuật
A1291: 50 | B1291: =SUM(G1242:G1291) -> 24304.7 | C1291: =C1290+1 -> 1284 | D1291: Rạch Tư Mành | E1291: Sở Nông nghiệp và Phát triển nông thôn | F1291: Quận 12 | G1291: 368 | H1291: Quốc lộ 1 | I1291: Kênh Tham Lương
A1292: 1 | C1292: =C1291+1 -> 1285 | D1292: Rạch Vựa Khạp (ấp 3) | E1292: Sở Nông nghiệp và Phát triển nông thôn | F1292: Huyện Hóc Môn | G1292: 400 | H1292: Sông Sài Gòn | I1292: Cuối tuyến
A1293: 2 | C1293: =C1292+1 -> 1286 | D1293: Rạch Vân Thành (ấp 3) | E1293: Sở Nông nghiệp và Phát triển nông thôn | F1293: Huyện Hóc Môn | G1293: 400 | H1293: Sông Sài Gòn | I1293: Cuối tuyến
A1294: 3 | C1294: =C1293+1 -> 1287 | D1294: Rạch cầu Cụt (ấp 3) | E1294: Sở Nông nghiệp và Phát triển nông thôn | F1294: Huyện Hóc Môn | G1294: 630 | H1294: Sông Sài Gòn | I1294: Cuối tuyến
A1295: 4 | C1295: =C1294+1 -> 1288 | D1295: Rạch Ba Khuôn (ấp 3) | E1295: Sở Nông nghiệp và Phát triển nông thôn | F1295: Huyện Hóc Môn | G1295: 130 | H1295: Sông Sài Gòn | I1295: Cuối tuyến
A1296: 5 | C1296: =C1295+1 -> 1289 | D1296: Rạch Bà Nga(ấp 3) | E1296: Sở Nông nghiệp và Phát triển nông thôn | F1296: Huyện Hóc Môn | G1296: 130 | H1296: Sông Sài Gòn | I1296: Cuối tuyến
A1297: 6 | C1297: =C1296+1 -> 1290 | D1297: Rạch Ba Cân (ấp 3) | E1297: Sở Nông nghiệp và Phát triển nông thôn | F1297: Huyện Hóc Môn | G1297: 176 | H1297: Sông Sài Gòn | I1297: Cuối tuyến
A1298: 7 | C1298: =C1297+1 -> 1291 | D1298: Rạch Chín Khâm (ấp 4) | E1298: Sở Nông nghiệp và Phát triển nông thôn | F1298: Huyện Hóc Môn | G1298: 66 | H1298: Sông Sài Gòn | I1298: Cuối tuyến
A1299: 8 | C1299: =C1298+1 -> 1292 | D1299: Rạch Năm Trị (ấp 4) | E1299: Sở Nông nghiệp và Phát triển nông thôn | F1299: Huyện Hóc Môn | G1299: 334 | H1299: Sông Sài Gòn | I1299: Cuối tuyến
A1300: 9 | C1300: =C1299+1 -> 1293 | D1300: Rạch Tư Dơn | E1300: Sở Nông nghiệp và Phát triển nông thôn | F1300: Huyện Hóc Môn | G1300: 126 | H1300: Rạch Bảo Hoàng | I1300: Cuối tuyến
A1301: 10 | C1301: =C1300+1 -> 1294 | D1301: Rạch Mười Hù (ấp 4) | E1301: Sở Nông nghiệp và Phát triển nông thôn | F1301: Huyện Hóc Môn | G1301: 290 | H1301: Sông Sài Gòn | I1301: Cuối tuyến
A1302: 11 | C1302: =C1301+1 -> 1295 | D1302: Rạch Bà Ranh | E1302: Sở Nông nghiệp và Phát triển nông thôn | F1302: Huyện Hóc Môn | G1302: 173 | H1302: Sông Sài Gòn | I1302: Cuối tuyến
A1303: 12 | C1303: =C1302+1 -> 1296 | D1303: Rạch Cầu Võng (ấp 3) | E1303: Sở Nông nghiệp và Phát triển nông thôn | F1303: Huyện Hóc Môn | G1303: 350 | H1303: Sông Sài Gòn | I1303: Cuối tuyến
... A1398: 107 | C1398: =C1397+1 -> 1391 | D1398: Mương sau Lô C (giáp cụm công nghiệp Nhị Xuân) | E1398: Sở Nông nghiệp và Phát triển nông thôn | F1398: Huyện Hóc Môn | G1398: 2200 | H1398: Xã Tân Thới Nhì | I1398: Cuối tuyến
A1399: 108 | B1399: =SUM(G1292:G1399) -> 78219 | C1399: =C1398+1 -> 1392 | D1399: Đoạn nối rạch Cầu Sa | E1399: Sở Nông nghiệp và Phát triển nông thôn | F1399: Huyện Hóc Môn | G1399: 4650 | H1399: Từ Kênh T1 Bà Điểm | I1399: Kênh Liên Vùng
A1400: 1 | C1400: =C1399+1 -> 1393 | D1400: Rạch Bà Bá | E1400: Sở Nông nghiệp và Phát triển nông thôn | F1400: Huyện Bình Chánh | G1400: 2440 | H1400: Sông Chợ Đệm | I1400: Cách Quốc lộ 1A 125m
A1401: 2 | C1401: =C1400+1 -> 1394 | D1401: Rạch Cái Tắc | E1401: Sở Nông nghiệp và Phát triển nông thôn | F1401: Huyện Bình Chánh | G1401: 1128 | H1401: Kênh A | I1401: Ranh Long An
A1402: 3 | C1402: =C1401+1 -> 1395 | D1402: Rạch Lương Quyền | E1402: Sở Nông nghiệp và Phát triển nông thôn | F1402: Huyện Bình Chánh | G1402: 3267 | H1402: Kênh C | I1402: Rạch Cái Trung
A1403: 4 | C1403: =C1402+1 -> 1396 | D1403: Rạch Láng Mặn | E1403: Sở Nông nghiệp và Phát triển nông thôn | F1403: Huyện Bình Chánh | G1403: 811 | H1403: Ranh Xã Tân Nhựt | I1403: Rạch Lương Quyền
A1404: 5 | C1404: =C1403+1 -> 1397 | D1404: Rạch Láng Ngang | E1404: Sở Nông nghiệp và Phát triển nông thôn | F1404: Huyện Bình Chánh | G1404: 938 | H1404: Ranh Xã Tân Nhựt | I1404: Kênh 7 (xã Tân Kiên)
A1405: 6 | C1405: =C1404+1 -> 1398 | D1405: Rạch Cây Bàng | E1405: Sở Nông nghiệp và Phát triển nông thôn | F1405: Huyện Bình Chánh | G1405: 776 | H1405: Đường Cây Bàng | I1405: Rạch 3 Ngay
A1406: 7 | C1406: =C1405+1 -> 1399 | D1406: Rạch Cầu Chùa | E1406: Sở Nông nghiệp và Phát triển nông thôn | F1406: Huyện Bình Chánh | G1406: 1196 | H1406: Đường Nguyễn Cửu Phú | I1406: Sông Chợ Đệm
A1407: 8 | C1407: =C1406+1 -> 1400 | D1407: Rạch Cái Tâm | E1407: Sở Nông nghiệp và Phát triển nông thôn | F1407: Huyện Bình Chánh | G1407: 1691 | H1407: Sông Chợ Đệm | I1407: Kênh Xáng Ngang
A1408: 9 | C1408: =C1407+1 -> 1401 | D1408: Rạch Bà Tỵ | E1408: Sở Nông nghiệp và Phát triển nông thôn | F1408: Huyện Bình Chánh | G1408: 3766 | H1408: Kênh Xáng Ngang | I1408: Sông Chợ Đệm
A1409: 10 | C1409: =C1408+1 -> 1402 | D1409: Rạch Đập Dừa | E1409: Sở Nông nghiệp và Phát triển nông thôn | F1409: Huyện Bình Chánh | G1409: 1013 | H1409: Kênh 8 | I1409: Kênh 10
A1410: 11 | C1410: =C1409+1 -> 1403 | D1410: Rạch Đập Đẩu | E1410: Sở Nông nghiệp và Phát triển nông thôn | F1410: Huyện Bình Chánh | G1410: 1728 | H1410: Kênh 8 | I1410: Rạch Ngọn Chùa
A1411: 12 | C1411: =C1410+1 -> 1404 | D1411: Rạch Ngọn Chùa | E1411: Sở Nông nghiệp và Phát triển nông thôn | F1411: Huyện Bình Chánh | G1411: 1689 | H1411: kênh 10 | I1411: Kênh 11
... A1497: 98 | C1497: =C1496+1 -> 1490 | D1497: Kênh Nguyễn Văn Long | E1497: Sở Nông nghiệp và Phát triển nông thôn | F1497: Huyện Bình Chánh | G1497: 1250 | H1497: Xã Quy Đức | I1497: Cuối tuyến
A1498: 99 | B1498: =SUM(G1400:G1498) -> 163245 | C1498: =C1497+1 -> 1491 | D1498: Kênh Xáng Đứng | E1498: Sở Nông nghiệp và Phát triển nông thôn | F1498: Huyện Bình Chánh | G1498: 7123 | H1498: Kênh An Hạ | I1498: Kênh xáng Ngang
A1499: 1 | C1499: =C1498+1 -> 1492 | D1499: Rạch Láng The 1 | E1499: Sở Nông nghiệp và Phát triển nông thôn | F1499: Huyện Củ Chi | G1499: 11031 | H1499: Sông Sài Gòn | I1499: Rạch Bến Mương
A1500: 2 | C1500: =C1499+1 -> 1493 | D1500: Rạch Láng The 2 | E1500: Sở Nông nghiệp và Phát triển nông thôn | F1500: Huyện Củ Chi | G1500: 4700 | H1500: Rạch Láng The | I1500: Kênh Địa Phận
A1501: 3 | C1501: =C1500+1 -> 1494 | D1501: Rõng Hàng Mớp | E1501: Sở Nông nghiệp và Phát triển nông thôn | F1501: Huyện Củ Chi | G1501: 1800 | H1501: Rạch Bà Bếp | I1501: Kênh Năm
A1502: 4 | C1502: =C1501+1 -> 1495 | D1502: Rõng Dương Da (Đường Đò) | E1502: Sở Nông nghiệp và Phát triển nông thôn | F1502: Huyện Củ Chi | G1502: 6000 | H1502: Cầu Xáng | I1502: Ngã tư rạch Rõng Trâu | J1502: Trùng
A1503: 5 | C1503: =C1502+1 -> 1496 | D1503: Sông Lu - Rõng cầu Bà Nga | E1503: Sở Nông nghiệp và Phát triển nông thôn | F1503: Huyện Củ Chi | G1503: 3470 | H1503: Sông Sài Gòn | I1503: Cuối Tuyến
A1504: 6 | C1504: =C1503+1 -> 1497 | D1504: Hệ thống Liêu Bình Hương | E1504: Sở Nông nghiệp và Phát triển nông thôn | F1504: Huyện Củ Chi | G1504: 1561 | H1504: Trường ĐHDL Kỹ Nghệ | I1504: Quốc Lộ 22
A1505: 7 | C1505: =C1504+1 -> 1498 | D1505: Suối Xóm Mới | E1505: Sở Nông nghiệp và Phát triển nông thôn | F1505: Huyện Củ Chi | G1505: 3900 | H1505: Giao giữa đường An Nhơn Tây và Nguyễn Thị Rành | I1505: Rạch Sơn
A1506: 8 | C1506: =C1505+1 -> 1499 | D1506: Suối Gót Chàng | E1506: Sở Nông nghiệp và Phát triển nông thôn | F1506: Huyện Củ Chi | G1506: 2230 | H1506: Đường Bố Heo | I1506: Rạch Sơn
A1507: 9 | C1507: =C1506+1 -> 1500 | D1507: Kênh tiêu Trung Viết | E1507: Sở Nông nghiệp và Phát triển nông thôn | F1507: Huyện Củ Chi | G1507: 2300 | H1507: Đường Trung Viết | I1507: đầu kênh 14
A1508: 10 | C1508: =C1507+1 -> 1501 | D1508: Kênh tiêu KP3 | E1508: Sở Nông nghiệp và Phát triển nông thôn | F1508: Huyện Củ Chi | G1508: 1026 | H1508: Đường Phạm Văn Chèo | I1508: Cống qua đường Tỉnh Lộ 8 | J1508: Củ chi kiến nghị qua thoát nước
A1509: 11 | C1509: =C1508+1 -> 1502 | D1509: Kênh tiêu KCN Tân Qui | E1509: Sở Nông nghiệp và Phát triển nông thôn | F1509: Huyện Củ Chi | G1509: 6770 | H1509: Tỉnh Lộ 8 | I1509: Rạch bà Bếp
...
